Participant,roi_sequence,experience
2.0,"0,22,9,8,0,0,0,0,0,8,8,7,17,15,8,0,9,0,23,17,8,8,0,0,0,0,0,0,0,12,0,13,29,12,29,21,0,13,12,15,5,7,2,2,9,8,8,8,8,0,8,0,9,8,0,9,9,9,0,0,2,0,19,18,17,17,17,17,17,17,17,9,0,23,8,9,9,0,31,0,9,12,13,13,13,13,0,12,5,5,5,7,2,2,9,9,8,8,9,9,9,9,8,8,8,0,23,0,9,9,0,0,9,0,0,9,19,0,18,0,18,9,8,9,8,8,8,8,9,9,19,23,18,9,9,0,18,23,18,19,18,0,9,0,0,9,17,0,9,7,7,8,9,9,9,9,9,29,9,9,9,9,9,9,0,19,0,0,30,0,9,12,15,13,0,21,13,13,13,13,13,12,0,5,5,6,12,15,17,5,5,0,2,7,9,9,9,0,9,8,9,18,18,0,0,15,9,9,0,9,9,9,0,0,0,0,9,8,8,9,9,7,9,0,9,9,9,0,0,0,0,9,0,9,0,8,8,26,9,0,0,0,0,0,0,2,2,2,2,5,13,5,7,7,9,9,9,9,9,7,9,9,3,5,7,9,9,8,8,9,9,8,9,7,7,7,12,12,13,5,5,4,12,7,5,12,17,0,21,18,11,11,19,9,12,19,17,0,17,17,15,18,9,9,0,9,9,0,9,9,0,19,9,0,19,9,19,0,9,9,0,18,0,0,18,18,9,19,9,12,0,13,29,29,9,9,9,9,26,9,9,9,9,31,9,9,9,9,9,9,8,7,2,9,7,2,5,12,13,13,13,8,0,0,2,0,0,0,0,9,8,2,6,3,1,1,8,4,4,2,9,4,6,4,4,10,11,12,2,23,33,22,33,33,0,0,12,12,12,12,12,11,14,14,24,30,26,25,25,17,8,8,8,8,8,8,3,1,1,4,6,2,4,2,4,4,8,4,8,8,4,4,2,4,2,9,9,10,0,11,14,0,15,15,0,16,18,0,15,0,12,0,12,12,12,12,12,13,12,12,11,11,22,33,24,24,24,24,24,24,8,0,0,0,18,16,0,0,22,12,2,5,2,2,2,2,3,19,0,10,11,0,0,18,18,0,10,10,11,0,20,13,21,20,21,16,22,0,18,10,11,11,10,19,20,21,0,0,21,20,15,15,15,12,12,22,22,23,24,24,23,4,9,9,24,32,31,26,25,25,24,17,17,0,8,17,8,3,1,3,3,3,4,4,4,4,8,4,4,2,2,2,12,12,11,10,10,0,0,16,0,0,10,0,10,10,2,10,0,19,18,0,0,12,12,12,12,12,20,15,0,0,18,10,10,18,0,18,10,11,11,12,12,22,22,0,21,0,24,23,22,23,24,24,25,17,8,8,24,24,8,8,17,3,1,2,2,2,4,4,4,4,4,2,2,12,12,12,10,15,20,0,0,10,4,2,3,3,3,3,11,12,3,3,1,1,3,3,5,4,10,4,4,3,3,9,21,19,19,16,12,12,1,1,19,18,1,3,2,3,3,4,3,0,4,4,4,4,4,2,3,3,3,2,2,3,3,6,12,11,11,11,11,11,9,10,10,21,9,9,9,11,19,18,19,19,19,18,19,19,11,17,11,15,16,12,12,14,14,1,13,6,6,3,1,3,3,3,1,1,1,1,0,3,3,3,3,3,3,2,3,3,3,3,3,3,3,3,3,3,4,4,4,5,5,5,2,6,6,1,15,1,0,1,11,18,21,21,21,21,21,9,9,9,4,9,0,4,4,4,4,3,5,5,4,4,4,4,4,4,2,4,4,4,4,4,5,2,2,6,6,6,6,6,1,11,16,11,19,18,15,0,0,1,1,20,1,1,1,1,2,3,2,4,4,4,4,4,4,4,4,5,5,3,2,2,3,6,3,2,3,3,2,2,3,3,6,6,3,3,1,1,3,12,7,14,12,14,12,7,0,6,6,5,2,2,2,2,4,4,4,4,4,4,4,4,4,5,5,5,5,4,4,4,9,4,4,4,4,4,4,4,4,4,4,4,4,4,4,11,9,9,9,9,10,10,21,10,11,11,9,9,9,10,1,19,15,11,17,16,1,1,0,12,16,19,1,1,1,16,15,12,15,16,12,11,12,1,1,11,1,11,19,19,11,16,21,1,1,1,5,7,6,12,5,11,11,14,1,0,1,1,21,21,10,21,10,9,10,10,21,21,10,10,9,9,9,4,10,9,3,1,1,1,1,1,1,3,6,3,5,2,3,3,3,3,5,3,3,3,3,3,3,3,3,3,1,3,3,3,2,5,2,2,2,3,6,6,1,1,1,1,1,1,1,19,19,18,19,19,19,19,19,19,17,11,16,16,0,16,16,11,19,11,19,11,11,11,11,11,11,11,12,1,1,1,13,1,2,4,4,2,14,9,14,9,9,12,0,5,5,5,6,0,11,12,12,4,9,4,17,17,9,9,9,9,9,9,9,9,10,10,15,13,14,7,15,7,7,8,5,4,4,4,2,3,3,9,9,9,9,9,9,9,9,9,9,9,9,9,9,9,14,14,11,13,13,14,14,4,9,11,12,12,14,16,9,9,16,16,16,16,9,16,4,0,4,4,4,4,12,4,12,12,4,12,4,12,12,12,4,5,11,11,11,11,11,9,8,9,5,6,6,5,5,4,4,4,4,4,4,7,8,8,10,10,15,9,7,5,5,4,5,5,6,12,17,17,17,17,17,9,9,21,21,20,19,20,19,20,20,20,4,4,4,4,0,0,9,9,9,9,9,9,7,10,10,10,10,10,9,10,10,10,10,13,11,11,5,8,6,5,9,12,5,6,5,14,9,14,14,14,14,4,14,17,17,17,17,17,17,17,9,9,9,9,9,20,20,20,20,21,21,20,4,4,18,2,3,3,9,9,9,9,7,5,5,5,9,11,12,3,11,13,8,3,3,3,3,6,3,6,9,10,3,3,3,3,3,3,3,6,6,3,3,3,3,3,3,19,9,14,15,3,19,19,19,19,1,19,19,19,9,3,3,9,15,2,2,8,8,3,8,8,8,9,8,3,6,6,8,8,13,7,7,8,2,14,0,13,13,18,2,2,2,4,2,8,10,10,11,14,10,2,10,11,12,13,13,12,12,13,2,12,13,18,18,2,2,1,1,1,2,2,2,2,3,3,6,1,3,3,3,3,3,3,3,19,19,19,19,19,2,2,2,19,2,18,18,18,18,18,13,13,3,9,3,0,8,2,12,9,3,2,2,2,3,3,3,3,3,3,3,3,3,19,19,19,2,2,2,2,2,1,1,3,3,3,3,3,3,0,2,2,2,7,13,9,11,18,18,2,2,2,2,2,2,19,2,2,1,1,3,3,3,3,3,3,3,3,3,1,3,0,2,2,8,8,2,13,7,5,8,12,13,13,13,12,13,7,12,12,13,12,9,4,4,4,4,1,5,4,5,7,7,7,7,7,16,19,19,15,15,11,11,11,11,11,2,2,1,2,2,5,12,13,2,2,13,13,12,13,12,7,7,7,7,13,19,17,18,15,15,19,19,16,16,7,7,5,5,13,5,13,5,5,7,13,5,5,7,7,5,7,7,2,8,8,5,9,7,5,2,13,12,8,2,2,2,1,1,1,1,2,2,2,2,4,4,2,7,15,15,15,5,7,15,7,6,7,7,7,13,2,11,11,2,2,7,2,2,13,2,2,2,2,2,2,2,7,0,13,13,0,18,15,15,7,7,7,7,13,2,11,11,11,2,2,2,2,2,2,2,2,2,10,2,2,2,10,2,2,2,2,2,2,2,2,2,7,5,4,1,1,1,1,2,4,2,7,16,7,7,14,0,19,18,18",Control
4.0,"19,9,0,0,0,0,0,0,0,0,8,8,8,8,19,0,7,0,0,0,9,9,9,7,21,0,0,9,9,8,0,9,9,0,9,23,0,9,9,9,23,23,9,9,9,0,9,7,0,9,9,0,8,9,9,9,9,9,7,7,8,8,8,8,8,8,8,9,9,0,27,13,13,8,8,8,8,0,0,0,9,0,0,0,8,8,8,10,2,6,4,4,3,4,4,4,4,6,4,4,3,0,14,19,0,16,14,0,0,20,15,0,16,12,0,13,12,12,12,11,10,26,29,24,23,23,2,22,33,33,33,6,3,1,3,3,3,4,4,2,2,2,4,4,4,9,17,29,29,26,29,22,0,2,2,2,2,0,12,12,11,12,4,5,2,3,3,2,4,4,3,3,3,11,2,2,3,3,11,14,12,16,19,17,11,9,9,10,4,0,3,3,3,14,12,12,12,14,16,16,15,11,14,14,14,2,3,3,3,3,3,3,2,3,3,3,3,3,3,3,17,11,11,1,1,9,9,9,10,10,10,4,4,4,4,4,4,4,4,5,3,3,3,1,15,13,15,10,7,5,5,11,12,12,11,11,16,16,17,17,17,17,12,12,13,13,17,17,13,13,14,12,12,12,5,5,7,7,10,10,10,9,9,9,9,20,9,15,9,16,3,3,0,0,7,5,5,6,12,9,11,11,3,3,17,17,3,14,11,18,20,19,19,19,1,2,5,2,1,3,3,8,13,13,3,17,17,3,14,11,7,2,13,13,13,2,15,16,8,2,2,8,15,0,15,3,17,17,3,6,6,6,3,6,6,6,6,3,3,6,6,3,6,3,3,3,3,3,3,3,3,3,19,19,7,8,8,7,4,2,7,5,8,8,8,7,8,15,15,8,8,12,8,8,13,15,9,5,8,0,2,8,8,8,5,4,2,5,16,19,19,11,11,11,11,1,1,4,4,2,4,4,7,6,16,19,19,2,16,5,7,5,9,15,9,15,18",FirstYear
7.0,"0,18,8,0,0,0,0,0,12,7,15,2,2,7,9,0,0,9,2,2,17,17,17,0,2,0,0,9,9,0,0,9,9,9,9,9,9,9,8,8,9,8,8,9,8,8,9,7,7,9,9,9,0,9,0,9,9,8,9,17,0,17,17,15,12,9,8,9,9,8,8,8,9,8,9,9,30,0,31,9,0,9,9,9,9,7,9,9,9,9,9,7,7,2,0,2,0,2,2,0,8,8,0,0,9,9,9,7,5,5,2,2,2,0,9,23,9,9,9,9,9,9,9,0,11,9,9,8,9,17,15,15,11,11,11,9,8,9,8,8,0,0,0,8,8,9,9,8,10,0,10,15,20,12,12,0,2,4,4,4,4,0,0,12,11,11,10,0,15,0,15,0,0,15,15,15,19,0,0,0,16,0,12,16,0,16,12,12,12,12,12,12,13,12,20,20,0,20,0,23,22,2,2,23,24,23,31,26,26,26,24,8,24,4,8,25,24,1,1,1,1,1,1,3,3,3,0,4,4,4,8,8,4,4,2,4,4,4,4,2,8,8,8,8,8,4,1,2,1,1,2,4,4,2,12,12,8,8,8,8,8,24,25,24,24,26,25,26,26,26,29,26,25,25,24,24,23,2,24,24,24,24,9,8,8,24,8,8,4,4,2,0,16,10,1,1,1,1,8,3,3,8,8,8,8,24,24,30,32,29,0,25,29,25,25,25,29,29,25,25,25,29,29,29,29,26,0,29,24,8,8,11,0,10,0,11,10,2,0,0,0,19,19,0,0,23,2,15,0,0,12,0,4,3,3,3,3,3,4,4,4,2,5,4,4,4,5,4,4,4,13,3,3,3,1,4,4,4,4,12,13,1,12,12,1,12,12,13,1,12,13,12,1,1,0,15,11,1,15,15,16,19,11,11,19,19,11,11,0,19,11,11,14,11,10,21,9,9,11,11,0,10,4,4,3,5,5,4,5,3,2,2,2,3,3,3,2,3,3,3,6,1,1,1,1,1,1,0,1,1,1,1,1,0,2,3,3,3,3,3,3,2,2,3,3,2,3,2,3,3,3,6,1,6,6,6,1,1,1,21,1,1,1,12,4,4,11,11,11,11,11,11,10,11,9,9,10,9,9,9,9,21,10,4,4,5,4,4,5,5,4,4,9,10,10,11,12,1,0,15,19,18,11,1,12,15,13,5,5,5,5,5,7,9,9,12,5,5,5,6,9,5,9,5,5,7,9,12,11,9,5,9,9,13,9,12,0,13,7,15,16,7,7,9,9,16,13,15,13,4,4,14,13,13,17,17,17,17,17,17,17,17,16,16,20,10,10,9,10,15,14,16,13,13,9,16,9,9,10,16,9,9,9,0,9,15,9,9,16,16,16,9,9,5,5,5,5,5,11,9,5,9,4,4,14,17,17,17,21,21,17,17,17,17,15,17,17,17,17,16,17,20,17,17,17,17,17,17,17,9,16,9,9,9,9,9,9,0,9,12,9,5,5,1,5,5,4,5,12,12,3,0,5,11,3,3,0,6,6,6,3,3,6,3,3,3,19,6,3,6,6,6,3,3,0,6,6,3,3,3,3,3,3,3,3,3,3,3,8,9,9,9,8,8,10,2,10,11,13,0,8,2,18,19,1,1,12,2,1,3,3,3,3,3,3,3,3,3,3,1,19,19,19,19,19,19,19,19,19,1,1,1,1,3,3,2,1,1,3,1,3,18,3,3,3,3,18,19,19,9,11,3,13,5,5,4,7,7,11,7,7,15,0,9,8,7,7,13,7,4,7,13,5,5,5,2,15,15,9,15,7,7,7,7,7,16,15,15,18,19,11,11,11,11,11,11,11,5,2,1,2,2,4,2,2,1,2,2,2,1,13,0,16,2,7,2,2,5,4,2,2,1,1,7,7,7,5,5,5,7,7,2,2,2,2,10,2,2,2,2,2,2,2,2,2,2,2,7,15,15,2,10",Control
11.0,"15,0,23,9,9,0,8,9,0,0,0,9,0,0,8,0,8,0,8,0,0,0,0,0,8,8,8,7,9,9,8,8,8,8,9,8,2,0,0,9,0,9,0,9,9,9,9,9,9,9,9,0,8,8,8,8,8,8,8,9,8,8,8,8,8,8,0,0,0,0,0,0,0,0,0,9,9,9,9,9,9,9,0,12,13,9,9,12,12,25,0,18,9,18,9,9,9,19,0,19,7,0,7,7,9,9,2,9,0,0,9,8,9,9,9,8,9,8,8,8,8,8,8,8,0,9,9,9,9,9,8,0,12,12,12,13,12,2,2,0,21,11,2,2,4,2,2,2,10,2,2,2,2,5,2,2,12,12,12,12,13,15,0,20,15,0,15,15,0,0,15,15,15,0,19,0,19,0,20,0,20,20,0,0,21,20,20,13,20,21,19,0,19,18,18,18,18,10,10,10,10,10,12,12,12,12,12,12,12,12,12,12,12,0,20,24,23,23,28,23,23,23,0,23,0,0,0,0,0,0,2,2,2,2,2,2,0,8,24,29,29,30,26,24,28,26,29,8,10,15,19,15,2,2,12,12,12,2,12,2,0,0,4,2,3,3,3,4,3,4,3,3,3,4,4,3,4,4,3,4,3,2,3,3,2,3,3,3,3,3,3,3,3,1,3,3,3,3,3,3,2,3,3,12,3,6,12,12,12,0,14,16,16,19,16,2,16,17,1,15,17,17,19,19,18,12,13,9,21,9,9,10,11,11,4,4,4,2,5,2,2,1,1,15,1,10,9,9,10,4,4,4,4,4,4,11,11,11,14,14,11,11,5,4,4,4,4,4,4,10,5,9,4,2,15,14,15,10,10,7,5,13,15,17,16,7,7,7,5,7,7,7,10,10,10,9,9,11,12,12,12,12,12,9,12,5,12,12,13,13,13,15,13,13,13,13,13,14,14,4,14,14,14,16,15,9,7,15,15,7,9,17,17,16,9,9,9,9,9,9,9,9,9,9,9,9,9,9,9,9,5,5,4,9,20,4,17,17,5,5,5,9,11,12,5,8,8,8,8,8,8,6,9,9,2,9,0,9,3,3,9,6,1,1,0,3,8,8,8,8,9,2,9,9,9,1,1,8,9,15,9,11,9,8,11,8,2,10,11,12,0,11,14,1,1,4,17,3,3,3,3,3,3,3,3,3,3,3,3,3,0,3,3,3,3,3,6,3,3,1,1,19,19,19,19,19,19,19,19,19,18,19,3,3,3,3,3,3,3,3,1,1,1,18,20,13,2,19,19,9,2,8,13,3,3,3,2,2,2,3,3,19,3,1,2,9,13,7,7,7,15,16,19,0,5,15,7,13,7,2,2,2,10,2,2,2,7,2,2,2,2,2,2,2,11,11,13,7,2,4,2,4,4,4,7,2,4,2,7,16,16,16,15,19,13,5,5,1,1,5,13,13,7,2,1,1,1,15,19,19,16,16,15,13,11,11,11,11,2,2,7,2,16,19,7,13,5,7",ThirdYear
12.0,"19,9,19,8,0,0,11,0,0,0,0,0,0,19,0,17,13,15,2,2,7,7,12,13,29,0,0,0,0,0,0,0,0,0,0,0,9,9,0,0,9,8,8,7,0,0,9,9,18,0,12,9,9,29,29,12,0,13,13,0,12,0,12,2,2,2,0,7,7,7,7,7,5,17,19,17,17,19,17,19,23,9,9,9,0,0,9,9,9,0,0,2,2,2,0,4,13,0,13,13,0,9,9,9,0,9,9,8,0,9,9,9,9,9,0,8,8,8,10,4,6,4,4,4,3,2,2,4,2,2,4,14,11,12,12,12,12,12,12,12,0,11,10,10,15,0,2,10,0,0,18,24,20,21,20,0,0,18,0,15,12,2,2,2,2,2,2,2,2,2,1,1,1,1,2,1,2,1,3,3,3,17,8,24,0,25,31,24,26,30,29,29,29,25,30,24,24,23,33,0,0,12,12,12,12,0,12,11,11,12,12,3,3,3,8,8,8,4,4,4,4,8,4,5,3,4,3,3,3,3,4,4,4,4,4,8,3,3,3,3,3,3,3,3,3,1,1,1,1,13,15,1,15,13,11,12,11,11,9,10,21,10,19,1,1,1,1,1,2,4,4,3,3,3,3,5,2,4,4,5,4,4,11,11,4,4,4,2,1,3,3,3,1,1,1,1,9,9,9,11,11,2,2,2,2,3,11,11,11,0,12,12,11,19,1,9,9,10,5,7,11,12,12,11,11,12,12,12,5,5,12,9,9,0,17,17,17,17,17,14,14,13,9,14,14,14,13,13,13,14,14,15,10,7,15,10,7,5,5,5,2,9,5,5,9,9,5,5,6,8,9,3,3,3,19,19,19,19,14,8,7,2,8,12,12,1,1,1,4,4,18,18,18,18,12,18,2,12,18,12,2,11,0,1,1,3,3,3,3,6,3,3,3,3,3,3,3,3,3,3,3,3,3,3,3,3,3,3,3,3,3,3,3,1,3,9,3,8,8,8,12,11,15,7,7,5,4,4,5,4,7,7,7,9,16,19,16,16,7,19,18,15,15,9,15,13,13,18,17,13,11,11,11,11,11,1,1,2,4,2,2,2,2,2,5,5,5,5,5,5,7,4,4,5,9,16,7,18,13,13,13,9,7",FirstYear
13.0,"0,18,19,0,0,0,9,0,8,8,9,8,8,7,7,7,0,13,0,13,13,13,17,17,19,0,0,0,30,19,9,12,0,9,9,9,9,9,0,0,9,9,9,0,9,9,9,9,30,29,28,28,21,17,17,5,5,7,7,18,0,23,19,0,18,18,19,18,0,0,19,0,0,0,9,8,9,9,9,9,8,7,7,9,8,0,9,9,9,9,18,0,0,19,9,10,10,9,9,9,9,9,19,0,17,18,19,19,19,7,7,7,7,7,7,4,4,12,2,7,8,8,8,11,9,9,26,9,9,9,9,29,0,9,9,8,8,8,8,8,9,8,8,8,8,8,9,0,9,0,9,9,9,0,0,19,9,9,9,9,9,9,18,23,0,0,23,15,23,23,15,0,17,8,10,11,12,15,0,4,4,4,2,2,3,1,4,4,4,8,8,8,2,4,2,1,8,1,8,17,8,24,24,26,29,24,0,23,23,23,0,0,24,0,18,0,0,2,0,10,10,0,10,10,2,11,12,12,12,0,11,11,0,12,12,0,0,0,0,0,0,10,0,21,21,0,24,2,2,2,2,2,4,9,2,8,8,24,17,10,10,0,4,2,2,2,2,3,3,2,1,0,1,1,1,2,2,2,4,2,3,3,3,3,3,3,3,3,13,12,1,13,12,14,16,16,12,16,19,19,19,19,19,1,1,12,0,16,21,10,9,9,4,4,5,4,4,4,4,4,5,4,4,4,2,3,3,2,3,3,3,3,3,1,12,1,15,1,1,1,1,12,1,21,10,10,10,1,1,2,5,5,1,1,1,1,15,1,1,17,1,15,1,19,11,11,0,11,13,2,3,0,9,15,10,7,15,9,16,16,12,12,11,12,12,12,4,9,12,6,5,5,8,5,6,6,5,13,4,13,9,13,14,14,13,9,17,17,21,21,9,17,17,17,17,17,16,17,17,17,9,15,4,4,3,8,3,3,2,2,11,13,13,14,8,1,5,3,3,3,3,3,3,3,0,13,13,6,3,3,3,3,3,6,3,3,3,0,12,14,2,2,2,2,2,18,19,19,19,19,1,1,1,2,13,13,18,2,3,3,3,2,5,2,14,3,3,13,5,7,4,2,4,2,19,19,15,15,0,18,18,13,13,13,11,11,13,13,5,5,5,5,12,13,13,13,13,13,13,0,7,7,1,1,2,11,11,11,11,11,1,2,2,9,16",ThirdYear
14.0,"0,9,8,9,0,0,7,0,9,9,0,9,0,9,9,9,9,9,9,0,9,9,9,9,8,9,0,9,9,8,8,8,8,9,9,9,0,7,18,0,18,0,0,0,9,19,0,17,17,7,7,7,7,7,17,19,18,7,2,2,11,9,19,19,0,0,19,0,9,9,0,9,19,9,9,8,8,8,8,9,9,9,8,8,8,9,9,8,8,9,9,9,9,31,17,13,17,19,0,17,17,19,17,17,17,21,0,15,15,13,0,11,7,8,8,9,9,9,9,8,9,9,9,9,0,15,0,5,7,7,7,7,9,8,8,17,17,15,15,21,20,0,23,8,11,2,0,2,4,4,4,0,2,2,15,4,4,4,4,4,6,6,6,8,3,28,24,0,10,11,12,13,20,15,0,15,4,2,2,2,2,2,2,2,2,12,2,2,2,2,0,12,0,0,13,0,13,13,12,13,0,0,12,0,12,12,12,11,12,11,0,0,0,0,10,10,10,0,18,18,10,10,0,10,0,0,0,21,21,23,23,33,0,23,26,30,29,24,8,8,8,1,3,30,29,29,24,8,2,4,4,23,23,24,23,33,22,23,24,23,23,23,23,23,0,0,0,0,21,0,12,12,0,0,0,15,15,0,0,18,10,11,12,22,2,12,12,12,8,1,1,1,4,3,3,3,3,3,3,0,3,16,4,4,8,4,4,4,4,4,4,16,12,16,0,12,13,12,19,11,18,3,3,3,3,2,3,3,3,3,3,3,3,3,3,1,3,3,2,3,6,1,11,21,10,9,10,11,1,16,11,5,4,4,5,4,1,1,6,13,0,14,0,11,19,11,14,12,6,5,5,3,2,1,1,1,1,19,21,21,9,4,4,9,10,4,4,3,3,0,15,1,1,1,11,11,4,11,11,11,4,5,5,11,1,19,19,18,15,17,9,9,9,4,9,4,5,4,4,4,4,6,12,13,5,2,2,17,11,14,13,12,15,0,14,1,2,5,3,0,5,16,11,1,1,14,8,16,13,9,12,9,6,5,5,9,9,14,14,14,17,16,12,12,12,12,12,12,12,12,12,4,4,12,12,12,12,12,14,14,15,15,7,9,10,17,16,7,7,10,10,7,7,7,15,15,17,17,10,15,10,10,10,10,10,10,10,17,17,17,17,17,17,16,16,16,5,8,8,4,5,2,14,3,9,1,3,2,7,2,13,8,18,2,2,3,1,3,3,10,11,7,0,16,3,2,13,11,13,14,12,2,13,13,3,3,19,3,6,3,3,3,0,3,3,3,3,3,3,6,6,3,3,3,3,3,3,3,3,3,3,3,3,3,3,3,3,3,3,3,19,19,19,19,19,19,3,3,3,3,2,5,3,1,2,2,2,2,2,18,2,9,8,1,1,1,1,3,3,3,3,3,6,3,9,6,3,3,3,1,3,1,3,3,3,3,9,9,3,6,3,3,19,3,3,3,3,19,11,14,8,8,6,3,8,13,5,4,11,2,2,12,13,12,0,12,12,12,18,19,12,7,8,5,5,7,2,5,4,4,4,2,4,4,5,5,19,19,13,13,11,11,11,2,7,19,19,18,18,15,15,16,13,13,13,2,1,1,1,7,13,1,1,1,1,1,1,1,1,2,2,1,2,2,2,5,15,18,17,15,16,7,7,8,15,16,19,18,18,15,16,5,4,18,18,7,18,13,13,8,0,5,5,7,7,16",ThirdYear
15.0,"19,9,9,0,0,9,9,18,0,0,0,2,0,0,9,9,0,0,9,0,7,17,0,0,0,9,0,0,9,9,7,9,18,19,18,0,0,0,19,9,9,18,9,7,7,17,17,12,0,9,8,8,8,9,8,8,9,9,12,8,8,9,9,17,13,5,13,15,17,17,17,0,18,0,0,0,9,9,29,13,6,5,7,9,8,8,8,8,8,8,9,8,9,0,0,17,0,17,23,18,9,23,19,9,9,9,9,9,8,8,9,9,9,7,9,8,9,9,8,9,0,9,9,9,0,0,23,18,0,8,8,9,0,0,9,9,9,9,9,31,17,17,7,7,9,0,9,0,9,9,8,9,0,9,9,9,9,0,0,0,19,23,0,0,9,8,15,4,4,4,0,4,4,0,15,12,12,13,12,11,10,5,5,6,4,6,0,4,9,25,24,24,26,29,0,18,0,10,15,11,14,15,12,13,13,12,11,12,0,13,13,20,20,21,19,0,20,20,18,19,19,18,16,10,19,18,16,18,10,10,8,8,8,3,3,6,6,4,4,4,1,12,11,12,12,12,12,11,12,12,12,12,12,12,12,12,0,0,10,10,10,0,9,17,18,10,2,2,11,18,11,14,0,11,14,15,0,15,12,10,12,23,23,23,2,2,25,17,29,24,19,12,12,4,4,8,4,2,4,4,2,4,4,4,4,4,4,2,12,12,0,2,0,24,1,1,23,23,8,9,3,1,1,3,25,29,25,26,24,2,11,20,0,2,5,18,8,8,8,8,4,9,3,3,3,3,3,16,12,3,12,13,16,19,11,12,3,4,12,12,16,14,4,8,8,4,4,4,3,4,4,3,3,4,4,3,3,3,13,1,18,15,11,15,21,9,6,3,3,3,3,3,3,3,12,12,14,11,1,11,2,5,14,16,15,15,15,1,12,16,19,1,1,3,3,3,3,3,3,3,3,3,3,3,3,3,3,3,2,1,1,19,21,19,3,3,3,3,3,3,3,3,3,3,3,3,3,3,3,3,3,2,3,3,3,4,4,4,9,9,17,19,1,11,1,1,15,1,1,15,13,12,0,12,0,11,16,15,1,1,1,1,3,1,15,3,3,3,1,1,1,1,15,1,3,3,5,12,4,5,3,3,3,15,15,17,1,1,1,15,19,11,11,3,11,11,3,1,1,3,3,4,8,4,14,12,12,11,11,4,4,11,11,14,14,16,8,10,10,9,11,12,5,9,3,3,9,14,13,17,16,16,12,4,12,12,12,11,12,5,5,5,5,5,5,5,5,7,10,10,8,9,15,10,10,7,7,15,13,13,4,16,17,4,14,13,13,11,14,15,15,9,0,6,4,7,10,7,7,17,20,4,4,17,16,16,14,4,4,4,12,11,8,15,9,17,9,9,4,12,5,5,5,9,5,4,7,5,5,12,0,5,14,16,12,5,4,16,13,12,9,9,16,17,16,14,9,9,11,8,8,9,16,3,2,2,2,2,2,2,2,2,2,3,3,2,2,2,2,2,2,2,3,3,2,2,2,2,2,2,2,2,3,3,3,2,2,3,3,6,3,3,3,3,3,0,3,3,3,3,3,3,3,3,6,6,3,3,3,3,6,3,2,2,2,2,2,2,2,2,3,6,3,3,3,2,2,2,2,2,18,2,2,2,2,2,2,2,3,1,0,3,3,3,3,3,3,3,3,6,3,3,3,3,3,3,3,3,3,3,2,2,2,2,2,2,2,2,2,2,2,2,2,2,2,2,2,2,2,2,2,2,2,2,2,3,6,3,3,2,2,2,2,2,2,2,2,2,8,15,5,2,11,5,2,2,2,2,2,7,7,7,8,0,7,16,7,15,13,13,7,7,2,2,2,7,16,2,19,2,7,2,2,2,2,2,2,7,2,2,2,2,7,2,1,1,2,2,1,1,2,2,11,2,2,2,1,2,5,7,7,2,7,12,0,19,7,2,2,1,1,2,7,2,2,2,2,1,13,12,7,2,7,2,2,11,2,2,1,2,2,5,7,7,2,2,13,7,2,2",ThirdYear
16.0,"4,3,3,3,3,3,3,3,3,3,3,3,3,3,3,3,3,3,3,3,3,3,3,3,14,12,12,16,15,12,1,15,14,11,19,19,1,0,15,4,8,4,4,9,10,21,3,10,10,9,4,3,3,3,3,3,3,3,3,5,3,2,14,13,16,16,17,17,17,17,9,15,10,7,10,5,5,11,12,9,9,7,10,0,9,15,21,21,9,16,16,14,13,13,13,13,14,13,13,11,13,14,12,11,11,9,11,9,6,0,17,16,0,9,9,8,3,3,3,9,17,6,6,3,6,6,6,6,3,6,6,6,6,6,3,9,9,0,15,16,15,15,15,14,8,8,8,8,11,14,12,13,2,5,20,19,19,1,18,18,3,3,1,1,7,5,8,4,4,2,11,11,7,7,5,5,8,8,8,13,15,8,8,9,15,9,16,19,15,17,17,15,18,18,7,4,5,7,2,16,7,19,16",FirstYear
18.0,"18,9,9,0,0,0,0,0,0,9,0,0,8,0,0,0,2,7,9,15,17,17,15,18,17,11,9,8,8,0,0,0,0,8,9,9,0,21,15,0,0,0,0,0,12,12,12,12,9,0,0,9,9,29,29,17,15,5,5,7,19,9,29,0,0,9,0,11,9,8,9,9,8,9,1,1,8,0,1,0,0,0,0,0,9,9,9,9,9,9,0,9,8,8,9,9,9,9,9,9,0,9,7,7,12,12,15,17,17,29,12,17,22,12,12,29,15,15,9,9,9,9,7,0,8,8,9,8,8,8,8,8,9,0,9,9,9,31,9,19,9,0,9,9,9,8,8,9,9,0,0,0,0,0,0,0,0,0,9,9,9,0,0,9,18,0,9,9,19,9,7,0,0,0,18,17,15,0,12,13,13,29,31,17,0,5,29,29,12,15,12,7,17,12,30,31,0,9,0,0,8,9,11,2,2,9,9,9,9,9,8,2,1,9,9,8,0,30,12,29,12,0,19,17,18,0,9,8,2,16,15,4,10,6,4,4,6,6,0,0,6,0,0,15,15,0,20,20,19,16,0,21,15,15,14,10,12,13,13,12,21,24,23,33,28,24,0,21,0,22,15,0,18,10,11,10,12,12,12,13,21,21,4,8,3,4,4,4,4,4,3,3,8,8,4,4,4,4,6,2,2,2,0,12,2,22,22,23,0,20,12,12,12,2,2,2,2,1,3,3,8,28,32,29,29,30,8,8,4,4,1,3,8,8,29,29,24,8,1,4,24,24,24,24,24,4,4,2,4,4,4,4,4,4,4,0,2,2,12,0,0,0,11,12,12,12,20,18,16,23,23,19,21,2,2,15,0,0,0,12,12,2,11,2,3,3,3,3,3,8,1,1,3,2,4,4,4,4,2,3,3,3,3,3,3,3,11,16,0,10,9,9,3,2,9,11,11,19,1,1,1,1,9,10,9,9,9,9,4,8,4,3,2,3,3,3,4,8,11,11,14,3,3,3,3,3,0,3,2,12,13,5,3,3,3,3,3,3,3,3,3,6,1,14,16,0,16,14,14,16,16,19,14,14,11,21,21,10,9,9,3,3,2,21,21,3,3,3,3,3,3,3,3,11,1,1,19,19,11,11,0,4,9,10,9,9,9,21,1,0,11,11,12,11,19,3,3,3,3,3,3,3,3,3,2,3,3,3,3,3,17,16,16,14,11,1,1,1,20,1,1,1,20,1,1,1,1,1,1,1,6,14,12,11,1,3,1,3,3,3,21,21,21,21,4,4,5,2,3,3,2,4,9,9,9,9,4,4,5,3,4,1,1,1,1,3,4,4,4,1,1,14,13,15,17,9,9,21,19,19,1,21,10,9,9,9,9,9,9,9,9,10,21,0,10,9,4,2,5,4,5,5,0,4,4,4,4,2,3,3,3,7,7,2,0,0,0,15,14,14,14,15,16,17,16,9,9,10,13,13,14,14,13,5,5,12,17,17,17,17,17,17,15,10,9,12,13,12,12,5,5,5,8,17,17,14,12,5,5,11,9,11,13,9,0,11,13,11,14,12,12,10,7,15,15,14,14,14,5,12,13,14,14,13,13,13,14,16,16,16,4,18,17,5,5,8,8,5,5,0,12,12,4,5,5,5,17,20,17,15,10,2,0,0,9,9,0,9,20,20,9,0,0,2,1,4,4,6,8,9,9,9,13,9,9,15,14,14,4,4,4,4,4,17,16,16,17,17,17,17,16,14,9,9,9,20,21,21,19,4,18,4,6,5,8,9,12,7,9,4,17,17,0,10,9,0,9,9,20,21,21,4,18,2,13,2,19,5,1,15,19,2,3,3,6,6,6,6,3,3,1,1,1,1,3,3,3,1,2,2,2,5,2,2,2,3,3,3,3,3,3,3,3,3,3,3,3,3,9,14,15,8,2,2,2,2,19,19,19,3,3,3,3,19,19,18,13,9,3,6,6,6,6,6,9,9,14,15,15,15,8,8,0,14,14,13,11,0,2,15,2,2,18,2,2,2,19,3,3,3,3,3,3,3,3,3,3,3,3,19,19,2,2,2,19,19,2,19,19,1,1,1,1,1,2,9,19,2,2,0,2,2,9,9,9,2,2,2,19,18,19,5,1,19,3,3,3,19,18,20,14,1,3,3,3,3,1,2,3,3,3,3,2,2,13,13,8,15,15,9,15,9,9,3,6,6,3,19,3,3,3,9,19,19,18,2,2,2,19,19,19,3,3,13,2,13,13,5,8,15,15,19,18,15,4,4,5,9,7,4,1,4,1,1,2,11,11,11,2,15,16,2,19,16,19,19,18,18,13,8,13,13,5,5,5,13,13,14,12,12,12,8,8,7,8,7,5,5,5,6,5,9,0,18,15,15,13,13,0,5,5,5,5,5,5,12,13,13,13,11,11,11,2,2,7,11,11,2,2,11,11,1,1,2,11,11,1,1,11,11,2,1,5,11,11,2,17,5,15,5,2,4,2,15,19,16,2,15,19,11,11,2,2,13,1,2,1,11,11,11,13,13,16,19,2,2,2,2,2,7,5,15,19,7,7,15,7,4,5,5,5,8,5,13,7,14,12,5,5,5",ThirdYear
19.0,"0,9,8,0,0,0,18,8,0,0,9,0,0,9,9,9,9,13,12,13,13,17,0,7,7,2,2,7,0,9,8,8,9,0,9,9,8,8,8,9,0,0,0,0,0,0,0,0,9,0,9,12,9,9,9,9,9,9,9,9,9,9,0,9,19,19,0,9,19,9,9,9,9,9,9,9,0,0,0,0,0,0,9,0,8,9,9,9,9,0,0,0,17,9,0,8,0,2,2,2,7,7,7,7,7,8,8,8,8,8,8,0,0,8,9,9,9,9,9,0,23,15,0,0,0,0,0,9,9,9,7,7,5,5,5,0,13,21,17,15,8,0,8,9,9,9,9,0,9,9,0,0,0,8,9,9,9,9,9,9,0,19,7,9,11,7,7,7,0,11,0,19,18,9,18,0,9,19,0,0,9,9,19,0,0,0,9,9,12,12,12,9,9,9,8,8,8,8,8,9,8,8,9,8,9,0,9,8,8,9,8,8,0,9,8,8,9,9,9,9,9,9,8,8,8,9,9,8,8,8,8,8,8,8,8,9,19,8,9,9,9,0,0,0,18,18,9,12,0,17,12,13,13,6,7,7,2,2,2,0,0,0,9,9,9,2,0,2,4,6,2,2,4,6,4,4,2,4,4,4,4,8,15,15,12,12,24,24,2,22,22,23,20,20,12,12,12,0,0,12,13,13,12,12,11,14,0,0,15,0,0,0,0,0,15,14,11,2,10,16,0,15,19,21,20,22,12,12,12,0,4,1,1,1,3,1,1,1,1,1,1,1,2,2,1,1,3,2,2,16,0,0,0,0,23,22,12,12,12,12,12,11,0,0,2,19,18,24,17,30,26,26,30,29,29,29,32,32,24,2,6,4,2,26,24,23,22,22,0,0,0,20,20,12,12,12,12,12,12,12,14,2,2,2,2,5,4,4,4,4,4,4,4,4,8,3,1,1,3,8,8,8,1,1,1,1,1,1,2,8,8,24,26,32,8,4,2,6,2,6,2,12,15,11,19,23,28,17,8,8,3,3,1,1,1,2,1,24,24,17,8,2,1,1,2,12,11,28,24,23,22,23,20,0,28,26,0,26,24,0,31,30,26,29,29,24,25,9,4,15,2,12,2,0,2,10,12,12,2,2,6,4,4,4,4,4,4,4,4,4,15,12,2,5,20,0,4,4,2,2,2,2,5,12,12,0,13,20,15,23,22,33,22,0,19,0,0,21,0,17,0,0,21,23,23,24,0,4,2,11,4,4,6,0,15,14,12,15,4,4,4,4,0,15,15,12,2,2,2,22,32,32,29,24,8,24,8,4,4,2,2,20,0,15,15,14,22,22,2,0,15,0,0,0,0,0,12,12,2,4,4,4,4,6,4,4,4,3,4,4,4,4,4,2,1,1,1,3,1,1,1,1,1,3,3,3,3,8,2,4,8,28,30,17,24,31,23,33,24,0,0,0,13,0,0,12,12,12,12,18,0,0,0,4,12,24,24,4,3,3,3,3,3,3,3,3,16,12,11,16,1,16,16,17,17,17,16,19,19,19,19,19,19,14,4,4,8,4,4,4,4,4,2,1,1,0,1,1,1,11,21,10,9,10,21,9,9,10,11,11,11,11,14,14,11,3,3,5,3,3,3,3,2,3,5,5,0,0,11,4,8,3,1,12,15,16,12,17,2,5,5,0,3,3,3,3,3,4,5,4,4,3,3,3,3,3,3,3,3,3,3,3,3,3,3,3,3,3,3,3,3,3,5,4,2,11,11,19,10,19,19,19,19,19,4,4,11,11,12,11,0,2,3,3,1,1,3,5,5,8,4,4,9,5,4,4,14,12,12,13,14,0,11,12,15,16,7,3,3,3,3,3,3,4,3,3,3,3,3,3,2,3,5,11,4,11,11,11,21,10,21,21,9,10,10,21,11,6,9,9,2,3,5,2,2,3,21,21,21,10,11,1,11,12,13,17,0,1,11,15,1,1,1,1,1,2,5,4,5,9,9,9,10,21,11,11,14,11,16,17,11,19,18,19,5,2,2,14,14,15,16,16,17,8,7,8,11,12,12,5,5,5,5,5,5,5,8,8,8,7,13,14,4,14,13,13,14,14,14,9,15,10,7,13,13,14,13,13,13,13,14,14,14,14,14,14,14,14,14,14,14,14,14,14,9,10,10,9,9,21,21,17,17,16,9,11,9,5,5,9,11,9,12,11,9,7,15,15,15,15,10,7,15,15,7,15,15,15,5,5,5,7,2,3,3,11,11,11,9,11,12,11,13,13,13,13,13,13,13,14,14,16,9,12,11,10,10,10,10,10,5,5,5,5,6,12,16,16,17,9,4,4,4,21,21,21,21,21,21,9,9,3,3,1,9,7,7,8,9,9,9,15,9,13,9,11,16,17,17,17,17,13,11,5,5,5,5,5,5,5,8,8,5,12,12,9,10,10,13,14,14,14,14,16,15,13,13,4,9,14,13,2,13,3,8,3,8,0,9,8,11,13,9,8,2,15,2,5,5,2,4,19,19,18,2,19,3,3,3,3,3,3,3,3,3,3,3,3,3,3,6,3,3,3,2,13,18,19,3,19,19,19,1,19,19,19,19,19,19,19,19,19,20,20,18,2,2,9,3,3,3,9,9,9,6,0,3,3,3,3,3,3,1,2,5,8,3,3,3,3,3,9,15,9,9,9,9,9,2,19,19,19,19,3,3,3,3,3,3,3,6,6,3,3,3,3,15,9,11,10,8,13,2,16,2,15,13,12,13,18,18,13,3,3,3,3,3,3,3,3,3,1,2,3,3,3,3,6,3,6,3,3,19,19,6,3,1,6,6,1,3,3,3,3,3,19,19,19,19,19,1,1,5,9,3,15,9,15,15,15,2,18,15,15,10,11,15,8,13,13,13,13,14,2,2,13,13,19,19,19,19,3,3,19,19,17,3,19,19,3,0,9,9,9,1,6,6,6,0,6,3,3,3,3,3,3,6,3,3,1,5,18,18,18,18,20,3,3,14,11,0,5,5,2,3,11,11,11,15,7,7,9,5,5,7,7,5,7,4,4,4,4,7,7,6,9,9,16,19,13,15,16,16,4,7,19,16,16,7,16,4,4,4,4,7,4,4,16,16,7,5,8,12,13,5,7,7,8,7,5,5,5,5,7,2,11,11,11,11,11,11,11,1,2,1,2,13,7,8,19,18,13,13,2,7,13,7,7,14,14,7,6,14,13,7,19,13,13,5,13,13,13,5,5,7,5,5,13,5,5,5,13,13,13,13,5,9,15,19,9,15,15,19,19,18,4,4,5,5,7,19,2,2,2,11,2,11,11,2,1,1,1,5,13,12,14,2,4,7,4,5,9,7,7,1,9,16,16,13,13,11,2,2,2,10,11,2,2,2,2,2,2,10,2,7,11,8",ThirdYear
20.0,"19,9,9,0,9,8,0,0,0,0,0,0,0,0,0,9,0,0,0,0,0,0,8,7,0,0,7,8,8,9,7,8,9,8,0,9,7,7,0,2,7,0,9,9,9,9,9,9,8,9,8,9,9,8,9,19,9,9,9,9,9,8,8,8,0,17,17,17,10,9,15,15,17,15,17,17,20,19,0,19,9,9,9,9,8,8,8,2,2,2,2,0,7,2,2,2,2,0,15,13,0,0,0,9,8,9,9,9,0,12,29,12,12,12,15,5,0,2,2,9,9,0,8,0,2,6,5,2,4,4,4,8,3,2,5,6,5,2,6,2,0,11,10,14,10,0,19,12,11,11,10,11,14,15,15,15,15,19,19,18,19,19,19,20,21,13,20,12,12,12,12,12,12,12,12,12,12,12,12,12,12,12,12,12,12,12,12,12,12,12,12,12,12,12,12,12,13,0,12,12,12,12,12,12,28,26,12,12,23,2,22,2,22,2,23,22,28,30,28,24,25,30,31,32,32,30,26,25,25,24,8,17,8,3,3,0,1,1,1,1,1,1,1,3,3,3,17,1,4,2,2,8,4,4,8,24,4,2,2,2,3,3,3,2,4,5,4,8,4,0,4,4,3,3,3,3,3,2,2,3,3,3,0,2,2,3,1,3,11,14,0,16,16,16,17,16,16,17,19,19,19,19,19,19,19,19,19,19,19,19,19,19,19,14,11,19,11,11,12,11,14,11,21,10,9,10,9,4,3,2,3,3,3,3,2,5,2,3,3,3,3,3,3,3,3,3,4,2,14,12,14,11,5,5,8,3,3,1,3,9,0,5,5,5,8,9,12,11,9,12,5,7,5,8,10,7,7,7,7,9,15,13,7,15,13,14,14,14,9,14,15,13,13,13,15,14,14,14,14,10,10,9,12,12,12,12,12,12,11,5,5,12,12,4,16,16,17,17,17,16,17,17,16,16,16,16,13,5,16,16,11,8,15,10,10,7,7,13,13,4,14,3,3,3,17,3,15,13,0,8,3,3,6,3,6,6,6,6,6,6,6,6,6,6,0,9,13,9,8,8,15,15,15,16,0,8,0,13,14,13,13,11,14,13,18,2,20,19,19,1,1,19,19,19,19,19,2,1,0,4,1,3,3,1,1,1,1,2,2,2,18,18,18,9,3,3,6,7,13,5,5,8,7,8,11,11,11,11,11,11,11,11,13,13,13,13,13,12,13,12,13,12,5,6,9,12,13,5,15,0,13,13,9,5,7,4,7,16,19,16,15,9,15,15,15,2,2,1,13,18,5,5,8,5,5,5,5,7,5,1,1,2,3,2,1,2,2,2,2,10,10,7,10,8,10,10,10,9,15,15,5,2",FirstYear
21.0,"19,9,9,0,0,0,8,9,8,8,7,7,18,0,19,9,0,19,21,13,13,12,13,13,13,21,17,17,19,0,9,0,0,2,2,2,5,5,0,9,9,8,9,9,9,9,9,0,11,0,9,9,8,8,9,0,9,9,0,0,0,9,0,30,9,9,9,9,9,9,9,9,19,19,9,0,19,9,9,0,0,19,12,9,9,19,9,0,0,8,8,8,11,7,7,7,5,5,5,7,0,8,0,0,0,0,0,0,0,0,0,9,0,0,8,8,9,9,9,0,8,9,9,9,9,9,23,0,19,0,29,29,0,12,12,17,0,17,9,0,9,9,9,9,9,9,9,9,9,9,8,8,11,15,15,15,15,17,15,15,13,11,7,2,0,0,8,8,8,9,0,9,9,9,9,19,0,0,0,0,0,8,8,8,7,7,7,6,5,5,8,9,9,30,9,9,9,8,14,15,0,15,18,0,0,10,19,18,18,20,20,21,0,15,11,6,6,4,4,4,4,4,0,2,5,2,1,1,3,1,8,3,3,17,17,30,0,29,26,4,4,4,4,6,12,12,12,12,0,11,12,12,12,11,15,15,15,15,14,14,16,0,20,0,12,23,33,33,22,23,24,0,0,0,0,0,24,24,4,8,17,24,24,30,26,29,29,25,25,25,25,8,8,1,1,1,8,12,12,12,11,11,2,0,16,15,10,15,0,16,18,16,14,0,18,21,0,0,19,19,10,10,11,0,19,0,20,20,10,10,11,0,18,18,21,21,19,0,0,20,20,19,18,16,6,4,9,8,8,4,2,6,2,5,2,2,2,2,2,2,2,2,0,2,4,10,2,2,2,2,4,2,2,1,1,8,8,2,10,2,2,2,2,2,12,11,0,0,12,11,10,0,15,15,19,19,18,24,24,23,33,2,2,12,5,6,4,4,4,4,2,19,24,24,9,8,8,8,15,10,15,20,19,19,15,11,4,4,2,8,8,3,1,1,17,26,25,25,8,4,2,2,3,3,3,3,3,3,3,3,3,3,11,19,19,19,19,19,11,0,4,8,4,4,2,5,3,3,3,3,3,1,1,1,9,21,9,9,10,2,2,3,2,2,3,11,13,12,11,3,3,3,3,3,3,3,3,3,3,3,3,3,3,6,2,2,3,6,8,4,4,4,4,5,5,3,3,4,4,1,1,1,1,12,1,12,13,16,11,11,11,11,12,15,1,1,1,1,1,1,1,1,19,19,11,11,9,10,21,9,9,9,10,11,11,11,11,11,13,11,11,15,11,11,16,19,19,11,12,1,1,1,21,21,9,9,4,4,5,4,4,4,5,4,5,2,2,3,2,2,6,3,3,0,1,2,10,0,12,3,3,3,2,1,1,1,1,1,1,12,12,1,1,15,13,11,4,11,11,0,11,19,11,11,11,11,16,16,16,12,7,3,3,3,3,3,3,3,3,4,4,2,5,5,3,3,3,3,3,3,3,3,3,3,3,2,3,5,2,3,2,3,3,3,4,4,9,9,11,11,15,1,6,2,3,3,11,11,4,11,11,11,18,11,10,9,2,3,5,3,3,15,13,10,7,5,5,12,12,17,17,17,17,16,16,16,13,13,11,11,11,11,12,11,9,5,5,5,5,8,8,5,5,5,7,7,10,10,7,7,7,10,10,7,7,15,15,15,15,15,15,15,7,7,13,13,13,11,12,12,5,6,4,9,15,9,9,9,9,9,9,9,9,9,9,9,9,9,9,9,9,15,15,17,17,16,14,14,14,14,14,6,5,5,13,13,14,14,17,16,16,9,12,5,5,5,5,5,7,7,9,9,0,0,9,1,9,15,10,10,9,9,9,17,16,9,5,5,10,9,9,9,9,9,10,10,7,9,15,10,7,9,7,5,14,14,14,17,9,9,9,3,2,3,17,9,19,19,18,18,5,1,2,5,2,2,11,15,8,8,15,13,12,13,3,17,3,3,6,3,3,3,3,6,3,6,6,3,6,6,3,3,3,2,19,19,18,15,8,0,8,0,15,8,0,11,14,11,11,13,13,14,11,8,11,11,8,9,9,15,15,15,15,8,13,2,18,2,2,2,2,1,3,3,3,3,3,3,3,6,3,3,3,3,0,6,3,3,9,3,9,13,8,13,13,8,7,8,15,19,16,16,19,19,19,16,7,16,16,19,15,9,6,4,4,5,5,5,13,13,13,12,12,5,6,5,8,13,13,11,11,11,2,1,2,10,2,5,8,9,15,9,15,15,5,5,4,2,4,7,8,7,5,5,7,0,15,15,2,2,5,8",ThirdYear
23.0,"19,15,17,9,9,8,9,7,11,12,0,12,13,13,19,7,0,12,8,18,8,8,8,9,9,0,9,9,9,8,8,8,0,7,2,0,0,2,12,13,13,15,13,0,0,23,7,7,7,6,9,9,8,8,8,8,9,8,9,8,9,9,8,9,9,9,8,8,8,9,9,17,13,13,0,27,17,20,9,9,29,9,9,0,9,9,9,9,0,9,9,9,9,9,9,9,9,11,7,2,0,7,5,2,2,0,0,2,2,1,1,17,13,21,14,14,14,13,14,17,17,14,4,5,14,13,13,13,27,14,14,17,14,19,0,7,9,7,7,5,5,5,13,27,27,27,27,28,28,29,29,29,0,9,0,12,12,17,2,3,4,4,6,4,4,0,4,0,0,0,0,12,15,0,0,0,0,20,22,22,0,10,29,26,24,2,2,2,24,20,0,0,8,8,2,4,3,3,1,1,1,1,1,1,1,3,3,8,3,2,2,8,8,9,4,4,2,3,4,12,0,12,12,12,0,13,24,29,30,26,25,25,25,25,25,25,8,8,24,25,25,25,30,30,24,24,23,0,22,2,0,0,15,10,12,12,12,23,24,23,23,0,4,8,8,8,8,8,24,29,29,0,30,30,0,0,12,12,10,15,15,0,0,25,25,25,25,8,8,8,1,1,4,0,1,3,3,8,4,0,3,3,3,3,3,3,3,6,1,19,4,4,4,4,4,4,3,3,3,3,3,4,4,13,1,1,15,15,13,13,15,21,10,10,10,9,3,6,3,1,1,1,1,1,1,1,1,1,1,1,1,1,1,1,1,1,3,3,2,3,3,3,9,4,4,4,4,0,4,4,5,5,4,5,5,3,3,2,3,3,3,3,3,3,3,2,3,3,3,3,21,11,10,11,9,9,2,3,2,3,2,16,1,1,1,1,1,21,4,4,7,1,14,1,1,9,13,5,10,10,15,14,16,16,16,12,12,11,4,5,5,5,5,5,5,4,4,4,4,17,17,17,17,17,17,17,15,9,10,7,9,9,13,13,0,0,4,5,6,5,5,5,6,4,4,5,4,5,8,12,4,4,12,12,9,9,9,7,17,20,9,17,9,10,7,5,5,8,7,9,9,9,7,7,15,9,9,15,15,7,7,7,7,7,9,9,15,15,0,14,4,13,13,14,14,9,9,9,16,17,17,9,9,9,9,9,20,4,4,4,4,6,4,3,14,3,3,6,6,6,6,3,2,2,13,2,2,8,8,6,6,3,6,3,9,19,19,19,19,1,1,3,3,2,2,2,2,18,2,2,2,2,2,2,13,10,3,6,6,3,8,15,0,9,9,0,13,8,8,13,13,13,19,19,18,2,2,13,13,0,2,10,13,8,11,14,13,3,1,1,1,1,1,1,1,5,2,2,2,2,2,19,19,9,13,12,12,7,5,8,15,15,7,8,8,2,2,10,5,8,2,7,2,10,11,11,11,2,2,4,4,13,18,18,13,7,7,10,10,10,10,2,2,10,5,15,9,16,19,19,2,2,2,2,2,2,2,2,2,10,0,2,4,4,4,4,4,15,16,15,18,19,19,19,18,13,18,15,15,9,17,15,9,9,15,15,5,6,12,13,13,15,9,15,15,15,15,15,15,15,15,16,2,4,1,2,2,2,2,1,1,4,5,2,4,15,15,15,9,7,4,2,4,4,4,9,9,15,15,15,15,12,7,7,6,5,13,13,11",FirstYear
24.0,"0,9,8,0,0,9,8,9,0,0,8,8,8,8,8,0,9,9,9,9,9,9,9,9,9,0,9,9,18,9,19,18,17,17,2,2,2,8,8,2,2,2,0,8,0,0,0,0,9,0,0,0,0,0,9,0,0,9,0,0,9,9,0,8,8,8,8,9,8,8,8,8,8,8,8,2,9,0,9,8,8,9,19,9,0,0,9,9,9,9,9,0,9,9,9,9,8,9,0,8,8,9,9,9,9,9,9,9,19,9,9,9,9,31,9,9,9,2,2,12,0,19,17,17,0,18,2,0,0,2,2,2,2,2,2,2,2,8,8,2,8,8,0,0,12,15,17,0,0,17,21,9,0,9,9,8,8,0,8,9,9,8,8,8,8,9,9,9,8,8,8,0,8,8,0,2,0,0,0,0,2,2,2,8,9,9,0,2,2,0,0,9,9,9,9,0,9,9,0,0,0,0,0,0,8,0,9,8,8,8,8,8,9,0,0,0,0,9,0,9,0,0,0,9,9,8,0,0,9,9,9,9,9,9,0,0,19,17,18,9,9,0,9,9,0,9,9,0,9,9,9,9,9,9,9,9,9,9,9,12,9,9,2,8,8,8,8,8,8,8,8,8,9,8,9,8,8,8,8,9,9,9,9,8,8,9,0,9,0,9,9,19,9,9,31,9,0,0,0,0,8,0,0,0,8,0,2,2,2,2,6,4,4,15,14,15,15,12,2,2,2,2,2,2,2,2,2,2,2,2,2,2,2,2,2,2,2,2,6,2,4,6,2,2,2,4,2,2,6,2,2,2,2,2,2,2,6,6,2,6,6,6,6,6,4,6,2,6,4,4,4,8,8,2,2,2,2,4,0,2,2,2,2,2,2,2,2,2,2,2,2,2,2,1,1,2,2,2,2,1,3,1,2,3,3,1,1,3,24,3,3,0,1,2,2,2,12,2,2,8,4,2,2,12,12,11,12,11,2,0,0,10,16,16,16,14,10,10,11,14,14,14,0,14,0,16,18,18,18,18,18,21,20,15,15,12,12,12,0,2,12,12,12,12,12,12,13,12,12,12,12,12,2,23,23,23,23,33,23,24,24,24,17,31,28,28,30,26,25,25,28,28,25,25,25,25,24,17,25,25,25,25,25,24,17,9,9,2,2,8,8,8,8,8,8,8,24,17,8,2,2,2,12,2,2,2,2,2,2,2,2,2,12,4,2,2,22,0,2,0,22,2,2,23,21,2,0,22,22,24,24,23,32,30,32,29,29,28,24,28,0,24,24,24,0,0,18,24,24,2,33,24,2,8,8,8,25,25,25,25,8,8,3,1,3,2,9,8,8,8,17,3,3,3,3,3,8,8,3,3,2,1,1,3,3,1,2,3,4,4,2,3,3,3,3,3,3,3,2,4,3,4,3,3,3,3,3,3,3,3,3,3,3,3,3,3,3,3,3,3,3,3,3,3,3,3,3,2,2,3,2,14,3,3,4,4,4,3,11,11,11,11,14,11,11,13,12,11,16,15,1,19,15,1,14,13,12,10,11,14,9,9,9,9,9,10,9,10,10,10,21,2,2,4,4,3,4,4,4,2,2,1,1,1,1,15,1,1,20,1,16,0,11,11,11,2,5,11,11,11,11,11,11,21,11,5,5,11,11,11,11,11,11,11,11,11,11,11,11,11,11,19,11,14,14,11,11,14,14,14,11,2,2,0,3,3,0,4,3,3,2,2,2,3,3,3,2,3,3,3,2,3,3,3,3,3,3,3,3,3,3,3,3,3,3,3,3,3,3,3,3,3,3,9,10,4,4,4,4,4,4,4,4,4,4,4,4,5,4,4,2,2,2,7,3,3,2,6,6,3,2,2,3,3,2,1,1,1,1,11,11,11,1,21,19,19,19,17,15,12,9,9,9,8,9,9,9,9,4,4,4,5,2,1,1,1,1,4,4,15,9,10,9,7,5,13,12,14,9,3,3,15,9,16,0,14,14,15,13,9,9,7,9,13,9,13,13,0,14,14,14,14,13,9,0,12,12,11,12,12,9,9,12,5,12,8,5,16,16,16,17,5,5,5,8,5,5,5,5,5,5,5,5,5,5,7,7,5,5,5,5,8,5,8,7,5,5,9,8,8,9,9,17,17,9,17,9,17,9,9,9,9,9,9,9,9,9,9,9,9,9,20,20,20,20,17,21,21,21,21,9,9,9,9,17,9,9,16,16,16,9,9,9,9,14,14,13,9,9,9,9,9,0,3,3,9,9,9,9,9,9,9,0,7,10,10,10,7,7,2,1,1,7,13,15,9,9,13,1,5,9,1,1,2,2,3,3,2,9,9,9,9,17,20,20,4,16,9,14,4,4,4,18,4,4,14,18,21,21,9,9,9,3,19,2,3,6,6,3,6,6,6,9,3,3,3,6,6,6,6,6,3,6,6,6,6,6,3,6,6,6,3,6,6,6,6,6,6,6,6,6,6,6,6,6,3,3,9,3,3,9,9,9,9,9,2,9,9,9,8,9,9,0,15,9,15,18,15,15,9,9,9,1,1,9,9,1,19,19,19,19,18,19,19,19,19,19,9,15,13,0,8,14,8,11,13,12,13,11,14,14,11,14,14,11,11,0,8,9,3,3,3,19,0,3,3,3,3,3,3,3,3,3,1,1,1,1,13,19,19,19,18,18,18,19,18,18,19,2,3,3,9,9,3,3,3,3,3,1,1,1,1,1,2,19,19,19,3,15,8,13,7,13,5,9,7,7,9,4,4,7,4,4,4,5,5,5,7,13,15,5,7,0,2,5,15,15,16,5,7,7,8,7,2,10,10,11,10,10,10,2,2,2,2,11,11,2,7,7,16,15,13,7,2,8,2,2,1,4,5,16,11,11,11,11,11,2,7,7,16,19,18,13,14,0,0,13,13,13,13,7,13,12,13,13,5,5,6,5,5,9,9,16,15,9,9,9,0,15,15,15,18,19,15,15,13,7,13,13,5,6,15,15,5,5,15,15,15,19,16,16,16,16,19,15,19,19,15,15,15,15,15,5,5,5,5,5,5,13,5,2,2,1,2,2,2,2,2,10,2,2,2,10,2,2,2,2,2,2,2,2,2,10,10,2,2,2,2,2,10,10,2,11,11,11,2,2,11,7,7,7,2,16,16,7,2,11,11,11,1,2,11,11,11,11,1,1,1,1,2,15,7,7,7,9,7,7,7,7,5,8,5,7,7,19",FirstYear
25.0,"9,9,9,0,0,9,9,2,8,9,0,0,9,8,8,8,9,9,2,2,2,2,18,9,9,9,15,0,0,0,0,8,9,8,8,31,2,9,19,9,9,17,17,17,9,9,17,13,14,12,31,9,8,9,8,8,8,9,9,8,8,8,9,8,8,1,2,2,2,2,2,2,0,0,0,9,2,2,5,2,2,12,12,17,17,0,0,9,9,9,9,19,17,18,19,17,0,19,15,12,13,13,13,27,8,9,9,8,0,4,2,4,4,4,4,2,3,1,1,2,2,2,2,2,12,2,12,12,12,12,12,13,12,0,0,15,15,15,15,0,0,14,10,0,11,0,10,2,8,4,8,8,8,0,29,25,29,26,25,25,30,29,23,2,2,2,2,22,12,12,0,12,0,12,12,12,12,12,12,12,12,12,12,12,0,15,15,0,0,19,19,12,11,11,0,11,2,2,2,11,2,2,2,4,2,3,3,3,1,8,8,25,23,2,23,0,0,4,2,3,3,3,3,3,3,4,4,3,2,3,3,5,4,4,13,1,0,13,15,1,12,1,19,19,19,19,18,11,15,1,1,1,1,2,9,9,21,4,3,9,9,3,9,9,9,4,4,5,5,5,5,3,1,1,2,3,3,2,2,3,3,2,3,3,3,3,3,3,3,1,1,3,6,6,1,1,1,13,11,11,11,11,13,1,15,12,1,14,14,14,8,16,16,17,17,17,13,14,12,17,17,17,12,12,9,9,5,5,5,5,5,5,4,4,7,15,10,15,13,14,0,14,21,21,9,9,9,7,5,4,4,4,5,4,4,1,1,2,0,1,4,9,9,9,10,10,9,11,12,9,14,16,16,16,16,12,12,16,16,16,14,16,12,12,5,5,8,17,17,9,9,9,9,9,9,9,9,9,9,9,9,9,9,9,9,9,9,9,9,9,16,4,4,9,9,9,8,2,3,3,3,6,3,6,3,3,6,6,6,3,3,3,3,3,3,3,3,3,3,3,19,3,19,19,19,19,18,18,2,5,2,2,2,7,9,15,10,2,13,2,13,0,13,8,15,8,2,2,2,3,3,3,3,11,9,0,9,12,13,3,1,1,19,19,19,3,3,3,13,5,5,13,5,9,5,5,16,7,16,19,7,15,5,7,15,16,7,7,4,4,2,11,11,9,5,5,5,15,15,13,13,13,13,13,15,13,7,13,7,7,7,5,0,13,14,13,14,14,15,15,15,19,15,5,5,5,2,2,1,1,1,11,11,11,11,11,11,1,1,11,11,11,19,7,16,19,7,7,7,16,13,5,5,5,5",ThirdYear
28.0,"19,15,9,8,0,0,0,9,9,9,9,7,0,2,9,8,0,0,0,9,9,0,17,17,12,13,15,13,15,9,0,0,0,0,0,0,0,0,0,9,9,8,8,8,8,8,9,9,9,7,7,19,9,9,9,9,9,9,9,9,30,9,9,9,9,9,8,9,9,9,9,9,9,9,19,9,9,9,0,9,0,9,0,19,0,0,17,18,17,17,17,0,13,17,17,13,13,0,13,13,0,5,5,5,5,7,11,11,2,2,2,2,0,0,8,8,8,8,8,8,8,8,8,8,8,8,8,8,8,9,8,7,7,7,5,5,7,9,8,9,9,0,0,9,9,0,9,2,0,4,4,4,4,4,15,15,15,12,12,12,13,20,21,23,23,33,28,24,24,30,26,29,29,25,25,17,25,25,8,8,8,1,3,3,8,0,2,22,2,0,0,20,21,19,15,21,20,20,15,15,14,0,18,18,19,18,0,14,14,0,0,10,11,11,0,15,15,15,12,13,12,11,12,12,12,12,12,12,12,11,11,0,0,10,10,10,2,2,2,2,2,2,2,12,12,12,0,0,0,0,15,0,0,2,6,6,4,6,2,4,3,4,4,4,4,4,4,4,4,4,4,4,4,2,2,1,4,2,8,3,4,2,2,3,3,9,8,9,25,25,26,25,25,25,25,30,26,29,29,24,24,23,0,3,3,8,8,8,8,8,8,8,3,0,1,3,3,3,2,2,1,1,3,8,3,1,1,2,2,1,2,2,1,1,1,1,2,2,2,2,2,5,2,2,2,6,0,5,12,11,12,0,15,15,20,21,4,4,4,4,4,4,4,4,4,4,2,4,4,4,4,4,2,2,2,4,2,3,9,5,3,3,3,3,3,3,3,3,3,3,4,4,3,3,11,17,4,8,9,10,21,11,19,19,17,15,9,21,9,4,4,9,9,9,9,21,10,10,10,10,10,1,1,21,21,19,19,11,8,4,8,3,3,3,3,3,3,3,3,3,3,3,3,3,3,3,3,3,3,3,3,2,3,3,3,11,12,1,1,1,1,3,5,3,4,3,3,3,3,3,2,3,3,2,2,3,6,6,6,3,2,2,2,12,12,14,14,11,11,11,11,4,11,19,19,11,11,15,16,16,14,12,14,12,14,12,12,13,15,11,15,15,15,17,17,15,11,19,19,19,20,21,1,1,1,1,1,1,1,1,3,3,3,3,0,5,4,3,3,3,0,3,3,3,2,2,5,10,4,9,9,21,11,11,11,11,11,9,13,9,7,5,7,15,16,16,16,12,12,12,12,5,6,9,9,2,3,3,9,9,17,17,16,16,9,9,9,9,9,15,7,7,7,10,7,15,13,15,15,14,13,14,14,14,14,14,14,13,12,9,11,11,11,5,5,5,8,5,5,5,5,5,5,5,5,8,8,8,0,2,3,3,4,5,6,12,12,12,0,9,14,16,16,17,16,20,20,17,9,17,17,20,20,20,18,9,9,9,9,0,9,9,10,10,10,10,15,3,9,9,3,0,3,6,6,6,6,19,19,19,1,1,1,5,18,18,14,0,9,3,3,6,3,0,3,3,6,6,3,6,3,3,0,6,6,6,6,6,17,3,3,6,3,3,19,3,3,3,3,19,19,19,19,19,19,18,19,20,18,2,15,2,0,13,13,12,13,13,2,13,11,8,8,8,8,9,3,3,1,4,5,5,1,1,1,1,1,3,3,3,3,3,3,3,3,3,3,3,3,7,7,5,6,15,4,7,15,19,15,15,15,11,11,11,2,2,2,1,2,2,2,1,11,2,2,1,1,1,1,11,11,11,11,11,11,14,13,18,19,19,19,16,16,15,16,15,15,15,15,15,18,18,2,4,4,2,7,6,18,13,13,14,13,14,13,13,7,8,8,5,5,6,9,7,4,5,5,5,8,7,15,16,9,6,7,8,2,8,7,4,2,2,11,11,11,11,2,2,2,2,2,7,7,7,7,7,6,7,6,7,6,7,1,1,1,11,11,2,15,16,15",FirstYear
29.0,"15,9,19,0,0,0,0,0,0,0,10,8,7,7,0,0,17,17,17,13,13,9,9,17,17,15,9,0,9,8,9,18,9,0,19,9,7,9,9,8,8,0,2,2,0,0,9,9,0,29,9,9,19,12,13,0,13,13,15,0,15,17,17,19,0,9,9,8,8,8,8,9,9,9,9,7,5,5,17,13,17,17,0,17,17,17,0,7,0,0,9,0,9,19,0,12,12,4,6,4,4,4,3,6,6,4,0,20,15,15,15,14,10,11,14,12,13,12,12,12,12,12,12,12,11,12,26,17,24,23,23,2,0,12,4,4,1,1,1,1,1,3,3,8,9,26,29,25,25,25,29,26,31,0,18,0,18,23,23,0,10,11,11,11,0,12,0,0,12,12,12,0,4,26,29,29,29,29,30,4,4,2,3,3,3,3,3,11,15,14,12,19,17,0,4,3,3,3,3,3,3,3,3,1,1,4,4,4,4,3,3,1,1,0,1,1,20,9,9,4,4,4,11,12,12,1,15,19,11,18,13,13,13,19,19,19,1,19,1,13,1,1,17,1,11,11,2,3,2,3,3,0,2,6,15,16,16,15,12,11,15,0,15,13,13,4,9,14,7,10,5,5,5,9,12,12,16,14,14,14,17,17,16,9,10,7,13,14,14,5,5,8,8,15,5,5,5,6,15,7,7,7,15,10,9,14,14,14,14,16,17,17,17,17,17,17,17,17,17,17,17,5,5,5,5,13,9,13,14,16,0,12,3,8,0,13,5,5,4,3,3,3,3,3,3,3,3,3,1,1,18,2,14,11,7,15,15,0,13,13,19,19,1,5,5,4,4,4,4,4,2,2,18,13,2,13,3,3,3,3,3,3,3,3,3,3,3,3,3,3,3,3,3,3,6,9,3,13,13,11,10,8,2,13,18,20,18,18,14,9,0,6,3,2,5,13,13,18,18,18,20,2,18,0,15,8,5,4,15,16,15,15,13,12,5,5,5,4,2,1,17,19,15,19,16,19,9,9,7,5,5,5,5,5,13,13,12,13,13,11,11,11,11,11,2,13,13,13,19,19,19,6,18,15,9,15,15,0,9",FirstYear
30.0,"0,9,9,0,8,0,0,9,9,9,7,2,2,7,5,15,15,21,21,17,13,29,9,0,9,18,19,19,17,0,17,7,0,0,9,9,23,9,9,9,9,19,9,9,19,0,9,0,8,8,8,8,8,8,8,8,9,8,9,17,17,12,15,15,15,0,17,13,17,20,11,7,7,0,7,0,7,5,5,7,2,0,0,0,2,0,0,19,0,17,17,18,9,9,8,9,8,8,8,9,8,17,17,8,8,8,8,8,9,9,9,23,9,31,9,31,9,9,9,9,9,9,9,9,9,8,8,9,9,9,9,9,9,8,8,9,7,7,2,2,2,2,8,0,0,9,9,9,0,8,9,9,9,9,9,9,9,0,0,8,0,9,9,9,9,8,9,9,9,9,9,9,0,0,9,9,9,9,9,0,0,0,0,0,0,0,9,9,7,7,6,5,5,5,17,17,21,12,0,0,13,29,11,7,2,2,2,2,9,19,0,17,17,17,21,12,7,0,8,8,0,0,7,2,2,2,2,2,2,7,0,9,9,9,26,9,9,9,0,0,9,9,9,8,9,9,9,9,9,0,0,8,0,11,2,4,6,4,2,4,2,1,1,1,3,24,24,24,0,22,0,21,20,15,15,14,13,13,13,12,11,11,12,14,16,16,14,10,14,16,0,14,16,33,0,33,23,21,21,31,30,29,26,26,31,28,25,25,25,8,9,25,25,25,25,25,25,24,24,2,2,2,2,2,1,1,1,2,2,1,1,3,8,8,8,8,8,24,8,8,24,32,26,29,26,32,29,26,0,28,8,2,6,2,5,5,6,6,6,2,6,6,2,2,4,2,4,0,4,4,4,2,2,2,2,2,2,12,12,12,13,13,12,20,0,19,16,12,13,20,12,11,15,19,18,16,19,15,15,15,15,15,10,18,16,21,21,19,18,19,19,19,14,12,14,20,20,19,23,33,22,0,10,10,0,19,18,20,20,33,33,19,18,20,20,20,19,19,15,0,24,24,8,8,8,8,3,0,3,3,2,4,2,2,2,2,2,2,4,4,2,2,2,2,2,22,22,22,0,24,23,24,24,24,24,28,32,29,25,25,29,25,30,28,31,25,25,9,8,8,25,25,25,25,25,25,25,25,25,25,25,25,25,25,25,8,8,3,8,9,9,2,9,2,10,12,12,12,12,12,12,12,12,12,12,12,12,12,12,12,12,12,13,12,15,15,18,16,2,2,5,12,12,0,12,12,11,10,4,9,8,4,4,4,4,4,4,4,0,2,3,8,8,4,2,2,3,3,3,3,3,3,8,0,3,3,3,3,3,3,3,3,2,2,2,12,12,16,19,19,19,11,14,12,11,21,10,9,4,2,3,3,5,21,10,9,21,21,4,8,4,4,4,4,4,4,4,11,11,11,4,4,4,3,3,4,5,11,11,11,11,11,11,14,11,14,16,16,11,12,15,16,16,15,15,15,11,17,14,19,11,14,11,11,14,14,8,4,4,8,11,11,11,14,1,1,1,1,3,1,1,2,2,3,3,3,2,2,3,3,3,21,11,10,21,10,21,10,10,4,10,21,21,10,10,10,11,11,11,11,11,11,11,11,11,11,11,11,11,11,11,11,14,14,3,1,1,1,1,1,20,20,1,1,1,1,1,3,3,0,2,3,3,3,3,3,3,3,3,3,3,3,3,3,2,2,2,3,3,3,3,3,2,6,2,3,3,3,3,3,3,3,3,3,3,3,3,3,3,3,3,3,3,2,2,5,4,4,4,4,4,5,4,4,4,4,4,5,5,2,2,2,3,6,1,1,1,1,11,14,17,19,19,21,10,11,4,1,1,1,7,3,3,3,3,2,2,15,13,9,10,9,9,12,12,12,12,5,5,5,8,8,9,9,13,9,16,16,17,16,17,16,17,16,16,16,13,9,13,13,11,9,12,12,12,12,12,12,12,11,12,5,5,5,9,8,10,0,15,13,13,13,14,15,7,7,9,10,15,15,7,7,7,7,7,15,15,15,13,13,14,14,14,14,15,13,13,13,13,13,13,14,14,14,14,14,14,14,11,9,5,8,9,16,10,9,15,9,9,15,17,17,20,4,4,21,21,20,0,4,17,5,5,5,5,5,5,8,9,12,9,5,16,16,17,17,17,17,17,17,17,17,14,16,16,13,11,9,9,13,3,9,13,8,3,8,16,8,8,1,1,1,1,18,19,20,19,19,3,19,19,19,2,18,18,20,18,0,20,2,13,13,1,1,3,3,3,6,6,6,6,6,9,9,9,9,8,13,9,9,9,9,8,9,15,15,15,8,13,15,8,13,15,9,9,9,15,15,15,3,17,6,6,6,3,1,1,8,0,1,1,1,2,12,18,20,20,14,0,14,11,14,13,11,8,8,9,9,9,15,15,17,17,6,3,3,3,3,17,3,3,9,0,3,6,6,3,6,6,6,6,6,6,6,6,6,3,3,3,6,6,6,6,6,6,6,6,6,3,6,6,6,6,6,6,6,6,6,6,0,6,3,6,6,6,3,17,6,2,18,15,9,11,13,14,13,2,1,13,13,14,13,13,19,3,3,19,3,3,3,3,3,3,3,3,3,6,6,6,3,3,3,3,6,6,6,6,3,3,9,2,2,0,13,15,7,4,4,10,11,11,11,1,4,6,15,15,19,19,16,0,19,19,16,19,0,7,7,7,8,5,9,12,14,12,12,12,12,12,12,12,12,12,12,13,8,12,13,12,12,12,12,12,15,13,9,18,15,5,5,4,2,2,3,1,1,5,6,15,15,13,0,0,14,5,6,13,14,15,9,9,15,17,17,19,15,16,19,18,18,18,18,2,18,18,19,7,16,16,19,19,16,19,16,16,16,19,19,11,11,11,11,11,1,1,1,11,11,11,11,11,2,11,11,2,1,1,5,8,11,11,11,5,8,10,7,8,8,8,7,10,2,2,10,10,2,2,2,2,2,0,2,2,2,7,4,4,5,4,5,7,15,16,16,13,5,5,5,5,5,13,13,13,5,8",FirstYear
32.0,"0,12,9,8,0,0,8,9,0,0,0,7,9,0,0,9,0,19,9,9,9,0,8,0,0,0,0,17,19,18,9,9,9,9,9,9,9,30,9,9,9,9,0,0,0,19,0,7,7,2,2,1,2,9,0,0,0,9,0,0,9,0,9,9,0,0,0,0,8,0,0,0,8,8,8,9,9,8,8,9,8,0,0,0,0,0,0,0,0,0,0,0,0,0,8,0,8,0,0,9,9,9,0,0,8,0,0,0,8,0,0,8,9,31,9,0,0,8,9,9,7,9,0,17,17,17,12,0,0,13,5,2,2,7,18,0,9,9,9,9,0,9,19,9,9,9,29,29,9,0,8,9,8,4,4,4,2,4,4,4,6,2,2,4,3,3,2,1,1,1,1,8,8,8,8,8,8,24,24,25,29,29,25,24,24,15,20,15,14,0,0,0,24,15,12,12,12,12,12,12,0,0,18,24,0,0,0,19,10,11,19,0,0,0,11,0,0,2,15,14,0,0,12,12,12,2,23,33,23,22,22,4,4,4,2,4,3,4,4,4,4,4,4,4,4,8,8,8,8,4,2,2,3,3,2,4,4,2,3,3,1,3,2,2,2,2,1,1,1,3,3,2,4,2,24,24,28,25,26,30,26,29,29,29,26,25,24,23,2,33,23,0,0,12,12,12,12,12,2,0,0,2,2,6,2,2,2,2,2,6,10,10,2,0,2,10,0,2,0,24,2,2,24,0,14,0,0,15,19,20,12,20,2,2,8,4,12,3,3,3,3,3,3,15,19,11,12,3,3,8,4,3,3,3,3,3,3,3,3,3,3,3,3,2,3,3,3,3,3,3,3,3,3,3,3,2,1,1,14,12,12,0,14,16,19,19,18,15,15,16,15,13,13,15,17,17,1,15,14,21,9,10,10,10,0,21,21,9,9,10,4,4,4,4,4,4,4,2,4,4,4,4,4,4,5,3,4,2,2,3,3,3,6,6,6,2,0,2,1,1,11,1,1,19,19,18,18,18,19,19,11,12,13,12,14,14,11,11,11,11,16,16,14,14,13,16,11,16,5,4,4,4,4,11,0,19,2,9,14,5,5,7,10,10,17,14,16,11,11,12,9,5,5,8,12,12,0,9,13,15,10,15,15,10,7,7,7,15,15,7,7,13,13,13,13,13,14,9,14,14,17,20,20,4,13,5,9,0,9,5,5,5,5,5,5,5,4,5,5,4,5,12,9,5,5,6,16,16,16,15,5,5,5,5,4,5,7,9,9,13,13,14,16,17,17,17,17,17,0,9,17,15,15,10,10,7,10,10,12,12,13,13,14,4,5,11,14,17,9,9,17,15,17,9,15,3,12,17,12,18,1,5,9,8,8,15,3,3,6,6,6,6,6,6,6,6,15,15,14,15,15,8,8,8,3,3,3,3,19,18,19,19,19,19,14,13,14,8,11,13,8,1,2,2,3,3,3,3,19,19,19,19,20,18,19,19,19,19,19,19,19,19,19,19,19,19,19,19,1,1,1,2,20,18,18,13,2,2,2,2,8,8,10,2,15,9,3,3,3,3,3,3,3,3,3,3,1,1,3,3,3,3,3,3,2,15,2,9,3,3,14,0,5,0,4,4,4,2,5,8,8,13,0,8,8,19,15,13,18,9,9,15,16,15,15,13,13,12,13,13,13,14,13,13,13,13,13,6,7,7,5,5,5,7,11,11,11,11,11,11,2,2,2,10,10,10,1,1,1,1,2,2,2,2,2,1,1,1,1,1,2,3,13,2,19,19,16,16,19,19,16,9,6,15,15,0,15,15,15,15,15,5,5,5,7,7,9,7,8,7,2,5,5,4,4,5,5,13,15,16,10,2,13,8,5",Control
33.0,"0,9,0,9,0,0,0,0,9,31,9,0,0,0,19,19,7,0,0,0,9,7,0,9,9,0,9,9,9,9,9,19,8,8,8,8,7,9,8,8,9,9,9,9,12,19,0,18,7,7,0,0,0,0,0,0,7,0,9,8,8,8,9,9,9,9,9,9,9,19,0,0,19,0,7,7,11,19,17,17,0,31,0,9,9,8,0,9,8,9,8,8,8,0,7,2,8,4,6,0,6,4,4,2,2,4,15,12,12,2,5,2,2,11,11,0,15,15,0,11,10,0,19,0,20,19,0,19,19,0,33,22,2,0,12,13,13,12,11,11,12,2,0,0,0,28,28,10,4,8,0,0,2,2,1,1,2,0,0,0,14,15,14,23,22,2,0,20,12,12,12,2,12,12,12,28,32,24,24,26,29,8,8,8,3,8,8,4,24,15,4,3,3,3,3,3,3,11,4,4,2,3,3,3,8,4,3,3,4,4,4,4,3,3,3,3,2,3,2,14,11,12,11,15,12,11,11,11,11,19,11,15,0,2,16,14,2,3,2,4,4,4,4,5,3,3,3,3,3,3,3,3,3,3,3,3,11,11,11,21,4,4,4,4,4,11,2,4,2,15,13,10,7,13,15,16,15,15,9,9,7,9,9,12,12,12,12,5,5,12,16,16,11,9,5,5,14,14,13,9,14,14,14,16,13,10,17,9,9,2,3,3,5,7,5,5,5,7,7,5,5,17,17,17,3,3,15,0,1,8,15,15,0,8,0,8,8,8,19,20,11,11,14,11,10,15,16,13,13,2,14,0,2,8,3,6,6,3,6,6,6,6,6,3,6,3,3,3,3,3,3,3,19,19,19,19,19,1,9,9,9,1,2,3,3,3,3,18,18,20,18,18,5,2,8,3,3,9,8,9,9,0,11,10,12,13,13,13,11,7,13,5,8,5,7,8,4,4,5,8,8,2,15,19,16,4,9,9,15,7,6,0,12,13,12,0,13,5,4,4,4,2,2,11,11,11,11,11,11,13,14,19,19,16,5,2,2,1,1,2,2,2,7,2,5,7,7,7,6,19,19,18,6,5,13,13,15,7,5,9,15,15,5,5,5,2,4,2,2,2,1,7,2",ThirdYear
1010.0,"19,9,0,0,0,0,0,9,9,9,18,0,17,7,2,0,2,9,0,0,8,9,7,7,9,8,0,19,0,11,0,0,0,0,9,9,7,0,30,0,0,2,2,7,2,0,2,0,0,0,0,0,9,9,9,0,0,0,0,0,0,9,9,0,9,8,9,9,8,8,19,9,19,9,0,0,23,9,9,9,0,12,9,9,9,8,8,8,9,9,9,9,8,8,8,7,0,7,2,7,7,7,5,0,13,8,13,14,12,15,13,21,21,13,0,19,17,0,17,17,17,0,20,19,0,0,18,18,0,0,9,9,9,9,0,0,0,2,2,2,2,2,2,2,7,2,2,7,7,2,2,0,0,0,0,0,9,9,9,0,0,9,8,8,9,8,9,9,0,9,9,9,9,9,9,9,8,15,4,6,4,4,3,3,1,1,8,12,12,11,12,0,11,15,0,0,21,23,0,21,23,23,23,23,23,23,19,18,18,24,0,18,18,0,16,15,15,14,10,10,12,11,11,11,11,12,12,12,0,14,11,2,2,4,6,6,6,2,4,5,2,4,8,1,1,1,1,8,25,30,28,25,9,4,2,9,3,2,2,2,2,2,3,3,3,1,1,2,2,2,2,10,0,2,23,0,23,12,12,12,0,11,10,10,10,24,24,29,24,8,8,32,29,25,24,8,0,4,10,10,4,2,3,3,3,3,3,3,3,3,2,11,16,3,3,4,8,8,11,10,9,11,11,1,1,1,14,3,3,3,3,3,4,4,11,0,15,4,4,4,4,11,12,11,13,12,14,16,16,15,1,1,17,19,11,12,0,3,3,4,3,3,3,3,3,3,3,3,3,3,3,3,3,3,3,2,2,2,3,3,4,10,9,9,11,11,21,2,3,2,2,2,6,6,0,1,4,4,3,3,3,11,2,9,10,9,21,9,9,9,11,11,19,1,21,9,9,9,10,21,10,10,1,1,12,13,13,12,15,11,4,4,4,0,3,4,4,5,3,3,1,1,6,3,7,7,3,2,3,4,4,4,9,4,11,11,2,2,11,11,11,16,4,9,13,9,9,5,5,9,11,4,9,16,17,4,5,6,5,6,4,4,4,13,13,13,13,14,14,11,11,11,7,7,10,15,15,0,10,10,10,5,6,8,8,4,4,4,4,4,12,4,16,16,17,17,4,4,4,17,17,17,17,17,17,17,9,9,15,9,3,3,14,17,17,5,5,6,4,4,8,8,8,1,2,3,3,4,4,17,21,21,9,9,9,15,15,13,13,11,15,15,7,7,10,9,9,16,9,4,14,14,14,14,14,14,14,14,14,14,14,14,14,16,16,13,11,9,6,4,4,4,4,4,17,9,9,2,5,13,9,16,15,9,3,3,3,8,8,1,1,19,9,8,8,15,8,7,13,12,3,19,6,3,6,6,3,3,2,13,2,2,4,2,1,1,2,9,9,6,0,3,6,6,3,3,3,3,6,3,3,3,3,3,3,3,3,6,3,3,3,3,6,3,3,9,8,3,3,10,8,8,8,15,15,0,14,11,8,7,11,13,14,13,2,0,2,0,13,13,10,8,9,9,9,3,19,19,19,19,19,19,1,1,2,2,1,1,1,19,2,19,19,3,3,3,3,3,3,3,19,18,2,18,18,2,2,2,12,6,3,3,3,0,3,9,9,11,2,1,7,13,5,4,13,8,8,8,8,8,12,13,0,13,13,12,5,5,5,5,5,6,6,4,4,4,9,15,15,17,15,18,18,19,16,7,11,11,2,11,11,2,1,1,1,1,1,1,1,1,1,1,1,11,13,2,4,2,2,10,10,4,2,19,19,16,5,7,13,12,8,2,9,15,7,15,12,12,5,5,6,16,16,19,19,15",CSI
1011.0,"0,9,9,9,0,0,0,9,0,7,2,2,17,19,0,17,18,7,7,0,0,0,0,0,0,9,9,8,9,2,2,2,7,7,7,14,13,13,17,12,15,15,13,0,0,9,9,0,9,9,9,9,9,9,8,9,9,8,9,0,0,8,9,8,8,9,0,0,0,9,9,29,12,0,9,0,0,0,8,0,0,0,0,9,9,2,2,18,9,2,0,0,2,2,13,13,13,13,27,4,5,0,5,7,7,7,7,9,8,8,8,8,9,9,9,9,9,9,0,0,19,19,0,9,0,9,9,19,9,9,31,9,9,9,12,15,17,17,13,13,16,15,12,17,0,19,17,17,17,17,2,2,8,9,9,9,9,19,17,17,17,17,18,19,9,7,9,17,17,17,17,0,17,17,17,0,19,0,18,19,17,23,0,9,9,9,0,8,9,8,9,9,0,11,9,11,11,9,9,9,9,0,0,0,9,0,9,9,9,9,9,12,12,12,12,13,13,12,31,31,31,9,9,9,9,9,31,9,9,9,9,9,9,9,0,0,8,0,0,0,0,0,0,0,8,8,1,2,2,2,1,1,1,2,2,2,2,2,2,7,0,0,2,11,9,8,8,8,8,8,8,0,8,8,8,9,8,8,9,8,9,0,7,2,7,31,0,9,9,8,8,9,19,0,0,0,17,17,17,16,21,21,17,17,13,13,12,15,15,17,17,0,0,9,9,9,7,0,2,15,12,12,9,9,9,9,9,0,0,8,8,8,8,8,8,8,9,0,9,0,8,9,8,8,9,9,8,8,8,0,8,9,8,8,8,8,8,8,8,8,9,8,8,11,7,2,18,8,10,12,0,0,4,4,4,4,1,1,1,1,0,1,1,1,1,1,0,1,0,3,3,3,4,1,1,3,1,1,1,1,1,1,1,1,2,4,4,4,4,4,2,4,3,3,4,4,8,9,8,8,3,2,6,2,2,2,2,2,2,2,2,4,8,8,8,8,8,8,8,8,8,8,8,4,2,2,0,10,24,8,2,25,26,8,10,2,0,2,0,11,0,11,14,0,0,0,0,12,12,0,12,14,14,0,0,0,0,0,0,0,0,0,19,0,0,0,0,12,12,0,12,12,12,12,12,12,12,12,12,12,12,12,12,2,2,23,24,12,12,12,24,17,25,26,29,29,24,24,23,33,2,23,0,2,12,2,2,2,6,2,2,2,23,33,2,2,22,0,23,24,26,24,25,29,8,8,12,12,2,1,1,2,2,2,2,2,2,2,2,2,5,2,2,2,12,0,0,0,12,15,10,0,14,2,0,12,0,0,0,0,0,0,0,0,0,2,12,12,12,12,12,12,0,2,8,4,2,2,3,3,3,8,3,8,3,1,1,1,3,8,8,8,8,8,8,17,8,8,4,2,0,23,25,0,23,2,0,2,3,3,3,3,14,12,3,3,3,3,1,1,3,3,3,4,4,4,3,1,1,2,2,3,3,2,3,4,11,12,13,0,16,0,19,6,3,3,3,3,3,3,3,3,3,3,3,3,2,3,3,2,3,7,1,12,13,3,14,11,14,12,19,19,11,19,19,21,10,9,10,1,1,17,15,1,1,12,12,15,1,11,19,19,19,19,21,10,9,10,4,2,3,4,4,4,4,4,2,3,3,2,3,3,3,3,3,3,3,3,3,3,2,2,3,3,3,3,3,3,3,3,3,3,3,2,5,3,4,4,4,5,4,4,4,4,4,11,11,7,13,12,12,12,6,1,1,11,11,14,1,1,1,15,17,19,11,11,21,21,9,9,4,9,9,9,9,10,1,20,1,1,1,4,5,4,4,4,11,4,4,5,3,3,3,3,3,3,3,3,6,11,11,0,12,14,13,8,10,15,17,16,17,16,16,17,17,17,17,17,17,17,5,5,5,12,13,12,12,12,12,12,11,11,13,15,8,10,15,10,10,2,2,9,5,5,5,5,5,5,5,5,8,11,13,12,12,4,4,14,14,13,11,8,16,4,13,12,8,8,8,9,9,20,20,17,17,16,17,17,16,16,5,5,5,8,8,8,7,7,7,7,15,10,13,4,14,12,12,11,13,14,14,14,13,13,14,13,5,7,9,9,13,11,5,5,5,17,15,13,11,11,5,5,5,6,8,15,3,3,3,3,2,3,3,3,3,2,2,2,2,1,2,2,2,2,2,1,1,3,3,2,2,13,18,12,2,13,0,13,2,3,3,6,6,3,3,3,3,3,3,3,19,3,3,9,3,3,3,2,0,12,2,18,2,3,3,1,2,1,1,1,1,2,1,3,2,1,1,2,1,1,1,2,2,2,5,2,2,4,2,4,2,2,2,2,2,2,2,2,2,2,2,2,2,13,13,2,13,13,0,18,18,18,18,19,19,19,18,18,18,18,18,2,18,9,3,19,19,19,19,3,3,3,3,3,3,3,3,6,3,3,3,3,3,3,3,3,6,3,3,3,3,3,9,0,1,3,3,3,3,3,3,3,3,3,3,1,1,3,3,3,3,3,3,14,3,3,3,3,3,3,15,2,13,2,2,13,13,2,7,19,19,19,19,2,2,2,2,1,3,3,2,4,18,19,19,19,3,3,3,3,3,3,3,3,3,3,3,3,3,3,1,1,2,2,2,2,18,7,2,5,7,7,5,5,4,4,4,4,5,5,15,5,11,11,5,5,5,5,5,16,5,5,7,0,13,7,7,16,7,16,16,16,7,7,5,7,16,16,7,7,13,13,18,7,7,6,1,1,1,1,11,11,11,11,11,15,7,2,2,2,2,2,2,2,10,2,2,2,5,0,2,1,1,1,1,5,7,7,7,7,2,8,1,1,1,1,1,1,1,1,1,2,4,7,7,7,7,2,7,7,7,9,7,7,7,9,7,7,7,2,7,7,7,15,16,7,15,15,16,5,2,2,2,5,7,5,7,15,13,13,7,5,7,11,11,11,11,5",CSI
1012.0,"19,23,9,8,9,9,9,0,9,8,8,8,9,7,7,9,0,0,8,9,9,9,9,19,9,0,9,8,8,8,8,8,8,9,9,0,0,17,17,9,9,8,8,8,8,9,9,9,0,8,7,7,7,5,5,17,17,17,17,12,13,13,9,9,9,0,0,0,8,8,0,8,0,0,0,7,2,7,2,2,2,2,2,2,2,2,2,2,14,2,9,2,2,4,4,0,14,12,0,0,0,12,2,2,2,0,0,0,21,0,21,2,0,21,19,0,16,18,15,18,16,0,11,14,11,11,0,2,2,2,22,28,30,25,23,22,2,2,2,2,6,6,4,2,2,4,8,8,3,0,1,1,1,1,3,3,2,2,2,2,2,2,24,25,30,29,29,29,30,30,25,25,25,25,25,25,24,24,2,22,0,0,0,2,2,2,2,1,1,1,1,2,0,1,1,3,1,1,2,2,4,4,4,0,2,22,12,12,0,2,0,19,0,12,0,0,15,0,4,2,2,3,3,0,3,4,4,3,3,3,3,3,3,2,1,1,11,14,14,15,11,19,16,11,13,13,10,10,9,9,9,4,3,3,8,4,4,4,4,4,8,3,4,3,3,3,3,3,3,3,3,3,3,3,3,3,0,0,12,14,16,16,15,17,15,15,12,13,12,6,2,2,2,2,5,4,4,4,5,5,4,4,4,3,2,2,3,3,3,3,4,3,3,3,3,3,3,3,3,10,9,2,2,2,15,15,16,9,12,12,5,5,5,8,7,11,10,10,9,11,11,13,14,14,14,14,15,20,20,17,17,16,16,17,5,5,5,5,5,3,3,5,5,8,5,8,8,5,12,5,6,8,6,6,12,12,12,12,12,9,10,10,17,0,0,3,3,21,21,20,20,9,16,4,4,5,9,10,15,17,16,3,3,9,8,3,11,15,15,8,10,12,12,2,8,3,3,6,3,3,3,3,3,3,6,3,3,3,3,3,3,3,3,3,3,3,6,3,3,3,3,3,3,10,3,3,3,9,9,0,3,3,3,3,3,6,3,3,3,3,3,3,3,3,3,9,9,15,15,9,0,8,11,14,13,11,8,7,8,1,1,1,1,1,1,3,3,3,3,3,3,3,19,2,20,18,18,11,1,1,8,7,13,15,15,5,5,5,4,4,4,5,5,7,7,5,5,5,9,15,17,15,18,18,19,16,16,16,15,13,11,11,11,11,11,2,2,4,2,2,4,4,4,1,1,5,0,16,7,2,2,7,19,15,4,2,2,2,1,5,2,2,2,11,11,11,11,7,7,7,15,16,7,7",CSI
1013.0,"19,9,9,0,9,0,0,0,9,9,0,9,9,8,9,8,9,9,9,9,8,9,8,0,0,9,0,9,7,7,0,9,0,19,9,0,0,0,0,0,0,0,0,0,0,0,9,9,9,9,9,9,9,9,9,9,9,0,9,0,9,9,9,9,8,8,8,0,0,0,7,7,7,0,19,9,0,0,9,0,9,9,0,0,0,9,0,9,9,9,0,8,9,1,0,0,0,9,7,2,0,0,8,7,0,1,0,8,8,0,0,0,8,9,8,8,8,8,8,8,8,8,8,8,8,8,8,8,9,9,8,8,8,9,9,8,9,8,9,9,9,9,9,8,8,9,8,9,0,8,2,10,10,15,2,6,5,2,4,2,2,2,2,5,2,2,2,2,2,2,2,4,4,4,2,2,4,0,19,10,11,11,0,10,14,0,16,14,15,0,0,18,19,19,20,20,20,21,23,23,23,33,33,33,23,28,24,24,24,28,24,0,0,30,26,26,26,24,24,0,13,13,12,12,12,12,12,13,13,13,12,12,12,2,12,12,12,12,2,12,2,2,0,2,2,2,10,2,10,2,10,2,2,12,2,2,3,4,2,1,1,1,1,1,1,1,1,2,1,2,2,2,2,2,2,2,2,12,4,2,3,3,3,3,2,3,2,8,11,2,3,3,3,4,4,11,4,4,11,11,2,3,3,3,3,3,3,3,3,3,3,2,2,4,8,11,11,14,12,16,0,16,15,16,1,17,19,17,21,21,10,5,2,11,12,14,4,4,4,2,2,3,3,3,3,3,3,3,5,2,2,3,3,2,3,2,4,9,9,8,4,4,4,8,4,11,11,11,11,3,17,11,14,0,11,11,2,4,4,15,14,13,7,13,7,7,13,8,11,13,13,14,14,15,10,7,7,7,7,8,11,11,12,11,12,10,17,16,12,12,12,5,10,10,10,10,9,5,5,5,5,5,5,13,12,14,14,9,16,9,9,7,20,17,17,20,20,20,20,4,9,4,4,12,12,5,5,2,9,3,3,6,6,9,14,20,1,19,3,6,6,17,9,14,6,3,6,6,6,6,6,6,6,6,6,3,0,8,3,3,3,14,15,13,11,8,1,18,19,18,19,19,1,15,0,14,13,12,13,12,13,11,8,8,15,15,9,16,8,8,19,19,18,12,3,2,2,1,3,3,3,13,8,0,5,4,15,19,16,19,15,15,9,15,17,17,13,12,13,13,13,13,5,5,6,6,5,5,5,5,4,8,8,4,4,7,8,8,8,7,11,11,11,19,15,19,19,16,11,11,11,11,11,11,1,2,4,2,2,7,2,2,11,1,1,11,1,1,1,1,1,1,11,11,11,2,2,7,7,7,13,7,2",CSI
1014.0,"19,9,9,8,0,0,0,9,9,9,9,0,0,2,2,2,2,2,2,2,9,9,9,9,9,9,0,0,0,8,8,9,9,7,7,9,9,9,9,0,0,0,8,0,9,9,0,0,0,9,9,0,9,9,0,0,0,0,0,9,9,9,0,0,0,0,0,0,8,0,9,8,9,0,0,0,0,0,0,0,0,9,9,9,9,9,9,9,0,9,9,9,9,9,9,9,9,8,8,9,9,9,9,9,9,9,9,9,9,9,9,9,9,9,9,9,9,9,9,9,9,9,9,9,8,8,9,9,9,9,8,9,9,8,8,9,8,8,8,9,9,0,0,17,8,8,8,8,8,8,8,9,8,8,9,7,9,9,7,0,0,0,0,8,8,8,0,2,7,9,0,0,9,7,0,0,9,8,7,9,0,0,0,0,8,9,8,0,8,8,8,9,9,30,2,2,12,17,17,17,14,12,12,12,12,13,13,15,12,12,2,2,12,12,15,17,13,0,0,8,9,9,7,0,15,0,19,12,12,12,12,2,2,2,0,0,12,2,4,4,4,2,4,28,24,23,12,12,2,2,2,2,2,2,4,4,2,1,1,1,1,1,1,2,2,2,2,2,2,2,2,2,4,2,3,8,4,2,2,2,2,2,2,2,2,2,2,2,12,12,12,12,12,12,0,0,20,0,0,0,19,0,14,14,12,0,0,15,15,15,0,15,0,12,0,0,0,0,0,0,0,0,0,0,0,19,19,19,18,23,23,22,22,22,22,0,23,23,24,23,24,23,23,23,24,28,24,23,0,24,10,2,2,2,4,2,2,2,2,0,2,2,4,2,2,2,2,2,2,6,4,4,2,2,2,4,4,0,2,4,4,2,2,4,2,2,2,12,2,12,12,0,12,4,2,3,3,3,2,3,3,2,2,3,11,11,0,11,17,11,14,11,9,4,4,4,4,3,3,3,1,2,3,3,2,2,3,3,11,14,4,8,5,3,2,16,8,3,4,4,9,10,2,2,2,3,3,3,3,3,3,4,8,4,3,0,11,3,3,3,2,4,4,10,9,9,9,9,9,9,10,10,10,9,10,21,21,21,21,21,19,19,19,19,19,19,19,19,11,16,15,16,11,11,0,11,17,1,17,16,11,11,16,11,11,14,11,11,11,14,11,11,19,10,2,3,3,3,2,8,4,3,3,14,11,16,5,2,5,3,3,3,3,3,3,3,3,3,3,3,2,2,3,3,3,3,3,0,2,2,2,3,3,3,2,2,2,2,3,3,3,3,3,3,3,3,2,3,3,3,3,3,3,3,3,3,3,3,3,3,2,2,2,2,4,4,4,2,2,2,2,2,5,3,1,4,9,9,10,2,4,4,4,3,3,2,3,4,4,3,2,3,4,4,11,11,17,11,2,15,13,10,10,7,7,17,17,14,15,7,9,5,5,8,9,12,9,14,17,7,10,17,17,16,16,15,15,15,10,7,7,7,5,0,10,6,9,10,10,13,13,13,14,14,0,17,17,17,17,17,17,16,13,9,9,13,9,9,14,0,9,13,9,9,8,5,5,5,7,10,9,9,13,12,9,11,6,9,14,9,9,9,9,9,17,17,9,2,9,9,9,20,9,15,7,7,7,7,3,3,9,3,3,2,3,2,9,3,1,17,3,3,3,3,3,6,6,0,3,19,3,3,3,3,3,19,19,19,19,19,19,19,19,19,19,19,19,2,19,19,19,19,19,19,19,19,2,2,9,2,2,9,2,2,2,2,2,3,3,3,3,3,2,2,18,2,12,14,15,14,15,9,0,2,2,9,2,2,9,2,2,15,9,9,9,9,9,9,2,2,9,1,1,1,5,9,1,1,1,1,2,1,8,9,3,3,3,3,3,3,3,3,3,3,3,3,3,3,3,3,3,3,3,3,3,1,1,1,1,1,1,1,1,1,1,1,1,1,1,3,19,3,3,19,19,19,5,6,5,13,0,0,0,7,2,13,13,13,7,7,4,4,1,2,2,1,1,1,1,1,1,1,1,1,1,4,4,7,4,2,6,6,5,5,5,6,5,9,9,5,15,0,18,15,17,7,7,9,9,9,15,15,17,13,13,15,15,15,16,16,16,16,19,19,18,18,7,7,13,13,13,13,13,7,11,11,13,13,2,13,14,12,7,13,7,2,2,11,11,11,11,11,11,11,11,11,5,2,2,5,5,5,13",CSI
1017.0,"19,19,9,0,0,0,0,9,9,9,9,9,23,9,0,8,8,8,8,7,7,2,2,7,11,0,17,17,12,13,15,13,13,13,13,0,15,13,9,9,0,0,0,9,0,9,23,8,0,0,0,0,0,0,0,8,0,8,9,0,9,9,9,0,8,8,8,8,9,19,9,9,9,9,9,9,9,8,8,8,9,9,8,8,8,8,0,0,8,8,7,7,7,7,7,7,7,7,2,2,2,31,9,9,12,19,23,0,17,17,21,13,15,5,5,8,8,8,0,8,0,9,9,8,8,9,8,8,8,9,9,9,9,8,8,8,9,9,9,9,9,8,8,0,0,9,9,9,19,9,9,9,9,9,9,0,0,0,2,0,7,8,8,8,0,8,8,9,8,0,12,2,2,2,2,2,22,22,0,20,15,12,12,0,12,2,0,2,4,4,4,4,4,3,3,3,1,2,2,3,3,3,9,8,8,10,14,14,15,20,21,19,16,13,22,0,22,0,0,26,29,26,29,29,29,0,28,28,25,25,25,25,25,24,17,17,15,15,4,4,4,0,4,2,4,4,6,2,5,2,0,0,12,2,2,14,14,10,10,11,14,15,14,0,15,14,15,15,20,20,12,0,21,21,21,19,18,0,23,22,22,33,33,33,0,23,23,0,21,24,17,8,8,3,3,1,1,3,1,1,3,1,1,1,25,25,25,25,30,26,25,25,24,30,0,26,29,26,26,30,29,0,31,33,0,0,20,13,12,2,2,2,2,2,2,2,5,2,4,2,4,4,2,2,10,9,8,9,8,8,8,17,3,3,25,25,0,26,29,29,29,26,0,30,26,29,29,29,30,31,31,30,23,22,0,20,0,15,15,14,4,1,4,5,3,3,3,3,3,3,3,3,3,16,16,0,12,16,19,10,4,4,4,4,4,4,4,8,3,3,3,3,3,0,12,11,0,16,17,17,17,19,19,19,19,21,9,9,2,9,9,4,8,4,1,1,2,4,4,3,3,8,9,9,10,10,21,10,21,21,10,10,19,19,11,17,19,19,17,16,16,12,14,13,12,3,3,3,3,3,3,3,3,3,3,3,3,3,3,2,3,3,3,2,3,1,1,1,0,12,13,16,12,14,16,14,11,11,11,11,1,1,21,9,9,4,4,4,4,4,4,3,3,3,3,3,14,4,4,3,15,13,15,9,7,10,13,11,12,12,12,16,12,12,12,11,11,5,5,5,5,8,7,10,7,15,15,17,17,17,17,17,17,17,15,15,16,14,14,14,14,13,13,11,11,12,5,5,5,7,10,3,3,3,3,10,10,10,10,9,11,12,9,10,10,10,10,9,9,9,9,9,9,9,9,9,9,9,9,9,9,9,20,20,17,9,9,9,9,9,9,9,9,9,9,7,5,5,5,5,5,5,5,2,3,3,0,0,9,9,5,12,12,12,13,13,14,14,16,16,17,4,17,17,17,17,17,17,17,9,20,7,5,5,5,5,8,11,9,10,9,9,9,9,9,9,9,13,14,14,3,9,0,3,6,6,6,3,6,6,6,3,3,0,0,8,2,16,13,0,13,12,2,19,19,19,3,3,3,3,3,3,3,3,3,3,1,1,3,1,1,1,1,1,1,2,2,2,2,13,13,3,3,3,3,3,3,3,3,3,3,6,3,3,6,6,6,6,6,6,6,6,6,3,3,3,3,19,19,19,19,19,1,1,1,8,7,7,16,14,11,13,13,13,13,13,11,8,9,9,3,9,9,19,20,19,19,18,18,2,5,1,1,1,1,1,1,1,1,1,1,1,3,3,3,3,3,3,19,19,19,3,3,3,2,13,13,18,2,18,18,18,7,15,5,6,15,4,4,4,8,15,8,8,8,5,6,7,6,5,6,5,5,5,13,12,13,13,13,13,18,18,18,18,18,15,18,17,9,9,15,15,16,19,19,16,2,11,11,11,11,4,1,2,2,2,2,2,1,1,1,1,2,2,2,3,11,11,11,11,11,11,2,2,2,2,4,7,16,15,16,16,19,19,19,18,15,7,5,7,8,7,8,13,12,8,5,5,8,5,5,12,5,15",CSI
1018.0,"0,0,0,9,0,9,9,0,18,9,9,9,23,17,0,9,9,9,9,0,18,9,9,9,9,0,0,0,9,9,0,0,9,9,9,9,0,9,8,8,8,8,7,7,2,7,7,2,2,2,18,18,18,0,9,9,9,9,9,9,9,8,9,9,9,9,9,15,13,17,13,13,13,13,7,2,2,9,0,8,9,9,9,9,0,9,9,0,0,9,9,9,18,23,19,0,23,0,0,19,15,0,23,19,11,15,18,9,9,9,9,9,9,18,0,0,19,19,2,9,18,17,8,0,10,4,12,6,4,4,1,1,1,1,1,1,1,1,2,2,2,2,2,2,2,4,4,8,0,10,0,12,2,2,2,2,28,0,24,24,24,24,24,24,24,23,23,0,23,0,0,0,0,0,24,0,15,12,0,11,0,0,10,2,10,24,24,0,0,0,24,10,24,24,24,24,24,24,11,0,0,8,8,4,25,29,29,25,24,8,8,3,8,8,3,0,3,3,3,3,1,1,1,2,2,12,12,0,2,19,15,12,0,12,12,2,11,4,0,6,2,4,4,3,3,4,4,4,5,3,4,4,4,4,4,3,3,3,1,2,3,3,2,3,3,3,3,3,3,2,2,3,3,3,2,3,3,3,3,3,2,11,13,12,16,12,12,14,19,21,10,11,11,11,19,17,17,16,14,14,12,0,16,15,17,4,4,4,5,3,2,3,1,1,3,3,6,1,2,1,2,1,2,3,3,3,1,6,1,3,2,2,3,5,5,0,3,3,3,3,3,3,3,3,3,2,3,3,4,4,4,2,3,10,10,0,21,19,19,19,19,1,17,16,14,1,13,21,21,21,1,20,0,21,11,14,1,1,3,3,2,3,3,3,13,14,14,14,13,9,17,17,17,17,17,17,17,16,16,14,0,9,9,7,5,4,4,9,9,12,9,4,4,4,4,4,12,13,14,14,14,14,4,14,14,14,4,14,14,13,9,0,0,9,17,17,16,16,4,4,13,13,13,13,4,4,4,5,6,4,4,4,3,3,3,0,3,3,3,3,3,2,2,8,8,13,13,0,3,3,3,3,3,3,3,3,3,3,3,3,3,9,9,9,2,14,15,9,2,2,2,2,9,2,13,13,14,9,0,14,9,15,15,12,13,9,2,2,9,9,9,0,2,15,15,14,13,13,14,2,13,18,19,19,19,18,18,20,0,19,19,19,1,19,19,19,19,19,19,1,1,3,3,4,2,2,3,3,3,3,3,3,3,3,3,6,9,7,5,5,4,4,4,4,8,13,13,13,5,13,12,13,5,5,6,5,8,12,13,13,13,13,14,12,5,9,15,9,13,13,19,16,15,18,18,18,7,4,4,18,11,11,11,11,11,2,2,2,2,10,10,10,2,2,1,2,4,7,16,7,2",CSI
1019.0,"19,9,0,9,7,23,19,0,0,9,0,0,0,0,7,7,11,7,0,0,0,8,8,8,0,0,8,0,0,9,8,8,8,9,9,8,9,0,9,9,8,8,8,8,8,8,8,8,9,8,9,9,9,9,8,8,9,7,7,7,7,7,0,9,9,8,8,9,0,0,8,8,8,8,8,8,9,7,7,7,7,11,11,9,9,8,8,9,9,9,9,9,9,9,9,9,9,9,9,9,9,9,9,18,9,9,9,9,9,9,9,19,0,9,9,0,9,19,19,18,0,0,19,9,9,0,9,9,9,15,17,15,12,15,25,15,0,0,11,18,11,0,9,9,0,31,0,9,9,9,9,9,9,9,9,31,8,9,7,0,15,13,0,13,29,12,27,13,13,27,28,28,13,5,13,28,27,27,27,13,27,0,17,21,13,13,9,8,0,9,0,0,0,8,0,0,0,0,0,8,0,0,0,0,0,9,9,0,18,17,12,9,9,2,12,4,0,4,4,12,11,0,23,33,23,33,33,25,29,8,2,1,1,1,3,1,1,1,1,2,1,2,1,2,2,4,3,3,4,2,8,8,3,4,4,4,4,4,4,4,4,6,2,2,2,2,2,2,12,12,12,12,12,12,3,3,0,8,8,4,3,3,12,12,12,12,12,12,11,11,11,14,10,14,15,15,15,15,0,16,18,18,19,19,19,0,21,20,20,23,22,33,22,28,28,26,29,28,0,29,29,29,29,29,26,25,30,29,25,25,25,25,25,25,25,25,25,25,29,29,29,29,29,29,29,29,31,31,32,29,32,23,2,22,12,32,32,32,29,29,26,30,24,2,8,9,4,4,9,0,2,33,12,2,2,33,22,12,0,2,22,23,23,12,12,12,2,5,2,2,2,12,2,0,0,0,2,0,0,0,0,0,0,0,0,15,0,4,2,3,1,1,1,1,1,3,8,8,8,8,8,9,9,4,2,12,24,26,29,25,8,3,3,1,2,12,2,2,12,0,2,22,15,10,14,0,0,15,15,4,2,3,3,3,2,3,3,3,11,16,11,4,4,4,3,3,4,4,3,3,4,4,4,4,4,4,9,10,10,21,3,9,10,16,16,19,19,19,4,4,0,3,3,3,3,3,3,3,3,3,1,1,1,3,3,3,3,3,3,3,3,3,3,3,3,3,3,3,3,3,3,3,3,6,1,1,4,4,4,4,4,11,13,1,12,11,1,13,13,11,16,15,11,11,0,11,17,19,17,11,12,11,7,1,1,21,19,21,10,3,3,3,3,3,3,2,2,3,3,3,3,3,3,3,11,9,10,20,1,11,9,9,9,9,10,11,3,2,3,4,5,4,4,4,5,4,8,4,4,4,11,11,11,12,11,1,1,12,3,3,3,2,3,3,2,3,2,2,3,3,3,3,2,3,3,3,3,3,3,3,3,3,3,3,3,3,3,1,2,3,3,3,3,3,3,3,3,3,3,3,3,2,2,2,2,7,7,4,4,4,4,2,0,1,1,1,1,1,6,13,13,1,1,15,1,1,13,1,1,17,17,17,1,17,1,11,17,21,11,21,10,10,10,9,9,4,4,4,4,4,4,4,11,11,19,1,1,1,1,1,1,3,3,3,2,3,3,2,2,4,4,3,3,3,2,1,3,3,3,3,2,2,3,2,3,4,4,4,11,1,18,17,17,11,14,9,9,9,9,7,5,5,5,5,5,5,7,9,13,12,9,7,7,9,9,9,9,12,9,9,9,12,9,12,9,7,9,12,9,12,12,9,12,12,9,13,13,13,13,13,10,9,9,9,9,9,9,9,4,17,17,17,17,17,17,9,17,17,9,9,17,17,17,9,9,9,9,9,4,20,20,4,13,9,9,5,5,5,5,5,5,5,16,9,4,4,21,21,20,9,2,7,6,9,9,9,9,13,16,4,4,5,5,5,5,5,5,5,0,12,10,15,16,13,12,9,13,13,13,13,13,13,3,9,9,3,6,6,6,3,2,3,6,3,3,6,0,8,13,12,11,12,13,11,12,13,2,1,1,6,3,3,3,19,3,19,19,19,19,19,19,19,19,1,1,1,1,4,18,2,2,8,14,15,15,2,2,15,2,2,2,0,12,7,8,8,3,3,6,3,3,6,3,3,3,3,3,3,3,3,3,3,3,3,3,3,3,3,8,8,8,11,11,13,2,13,14,13,2,8,8,8,15,15,18,20,3,1,1,19,2,19,18,19,0,1,5,1,2,2,1,1,1,3,3,3,9,9,0,10,7,18,2,18,2,18,18,2,2,14,3,9,3,19,19,19,19,19,1,3,3,3,19,18,1,1,3,3,19,19,18,2,1,1,18,18,8,8,9,9,2,9,9,7,15,5,4,4,4,4,15,7,7,2,1,2,11,11,11,2,11,11,11,5,5,5,5,5,7,13,7,7,7,5,7,2,7,7,7,7,2,2,7,13,13,13,12,13,15,14,19,16,16,19,19,15,16,18,18,9,4,9,9,15,18,18,2,0,4,11,7,7,7,11,11,11,11,2,2,19,7,15,0,15,15,7,2,2,7,7,7,7,7,1,1,2,1,1,1,1,1,11,11,1,1,2,1,11,16,2,4,2,2,5,5,5,9,15,15,15,15,15,7",CSI
1020.0,"0,0,0,0,18,17,17,18,19,0,9,7,7,9,9,9,9,0,9,9,23,0,9,0,9,0,0,9,9,9,9,0,0,0,0,7,2,7,13,0,0,17,17,17,0,0,8,9,9,9,0,0,9,0,0,0,0,0,8,0,8,0,0,9,9,9,19,9,0,19,0,18,23,0,0,9,9,0,9,9,19,19,9,9,9,9,8,9,9,9,9,9,8,8,8,9,9,0,17,18,19,7,7,7,9,9,9,0,7,7,0,7,2,7,2,7,7,9,7,8,8,8,1,9,0,0,9,9,9,9,0,8,8,9,8,8,8,8,9,9,9,0,9,8,9,9,9,9,9,9,9,8,9,9,29,12,13,7,7,2,2,1,0,0,0,9,0,9,8,9,9,26,9,9,9,9,9,9,8,9,9,9,29,9,9,8,9,2,2,14,10,0,14,11,12,12,12,12,20,11,11,10,14,12,20,20,20,12,13,21,21,0,0,0,0,19,19,0,19,15,18,18,18,16,16,15,14,11,14,15,14,15,16,14,15,15,0,11,0,2,23,23,33,0,0,12,23,33,33,23,24,23,23,23,23,24,24,23,23,28,24,31,0,2,2,2,2,2,6,2,4,8,9,4,4,4,4,6,2,5,2,4,4,4,4,4,4,4,4,4,8,4,3,4,4,6,0,12,12,12,12,0,23,1,1,1,1,3,2,2,1,1,1,1,1,1,9,8,17,30,26,9,9,25,25,25,25,25,25,25,8,8,25,25,25,24,17,17,9,9,8,4,4,23,23,12,12,28,24,24,31,32,29,26,26,26,10,18,0,0,0,20,0,0,24,28,24,8,2,2,1,1,2,1,1,1,1,1,2,2,1,1,1,1,1,1,1,1,1,2,3,3,3,3,3,3,3,3,3,3,3,3,3,16,14,16,19,17,16,15,5,15,3,15,19,21,9,10,4,4,4,2,3,3,3,3,3,1,1,11,14,3,3,4,4,3,15,15,17,1,19,17,19,19,11,16,4,4,4,10,21,21,9,3,3,4,4,4,3,3,4,4,11,12,11,16,16,15,12,12,11,15,15,16,17,17,15,15,1,16,15,15,16,14,12,12,13,3,3,3,3,3,3,3,3,3,3,3,3,3,2,5,5,3,3,3,2,3,3,3,3,3,3,3,2,1,2,3,2,3,10,9,21,21,21,10,21,21,9,9,10,4,11,11,4,18,11,1,11,13,5,2,3,3,4,2,3,3,3,3,2,3,4,4,3,3,3,3,6,3,3,14,13,13,13,9,16,17,5,5,5,5,8,7,9,13,14,13,13,15,15,9,7,15,9,7,7,7,5,8,13,13,13,12,12,4,12,12,12,11,16,9,8,9,5,12,12,12,5,5,8,5,5,5,2,2,9,15,17,16,16,17,17,17,17,17,17,17,17,17,17,17,17,5,5,5,5,5,8,8,5,5,6,11,9,0,15,15,9,10,10,13,10,10,9,16,0,10,7,10,10,10,10,10,0,9,9,10,9,17,16,9,9,9,0,17,9,16,12,12,5,8,2,1,3,3,6,6,6,6,6,6,3,6,6,6,9,9,9,15,9,3,3,17,3,6,1,1,13,8,15,15,8,9,13,8,13,11,14,13,13,0,19,19,19,19,1,6,3,3,6,6,6,3,3,3,3,6,6,3,6,6,3,3,3,6,6,3,6,3,3,19,19,15,15,18,19,19,2,1,1,8,8,15,9,13,3,19,15,13,11,14,8,9,8,14,11,8,14,11,8,15,9,9,15,15,9,0,9,9,9,3,6,3,6,6,6,6,6,6,6,3,3,6,3,3,3,3,3,3,3,3,6,3,0,6,3,3,3,3,0,3,3,3,3,3,3,3,3,3,6,6,6,3,3,3,2,9,1,1,1,1,19,0,19,19,19,19,19,18,2,2,15,13,11,1,2,1,2,2,2,1,8,11,2,2,8,8,8,0,9,9,9,9,9,9,3,6,3,3,3,3,9,9,2,13,7,8,4,4,8,8,13,13,12,8,8,8,8,8,5,8,8,15,9,16,19,15,9,6,5,4,4,2,10,13,13,13,6,5,9,5,5,8,2,2,7,7,7,15,4,5,2,10,4,4,5,0,5,6,5,9,15,16,19,15,9,5,6,5,5,5,7,13,14,13,13,14,13,18,17,15,9,9,16,15,19,15,16,15,19,18,16,4,18,18,4,18,13,11,11,11,11,2,1,11,11,11,2,13,2,2,5,7,2,16,15,19,13,7,8,5,5,5,4,4,2,2,2,0,15,15,5,1,1,2,2,7,11,11,11,11,11,14,15,2,2,7,2,5,7",CSI
9001.0,"0,12,17,9,0,9,0,0,0,9,23,23,0,9,9,18,0,0,0,9,9,9,31,18,0,17,0,19,17,9,9,9,9,9,9,9,8,9,9,9,9,9,0,7,0,11,9,2,15,17,0,17,18,0,18,0,9,9,0,9,9,8,8,9,8,8,9,9,9,9,0,9,8,0,9,9,9,9,9,8,8,9,8,9,9,9,9,19,19,0,18,18,0,9,9,9,0,9,9,18,18,0,0,8,8,9,0,0,0,9,9,0,8,9,8,9,9,0,9,9,0,8,9,8,2,8,8,22,20,18,17,17,0,0,24,28,8,2,4,4,4,0,2,2,4,6,4,2,12,0,0,10,10,0,10,0,10,0,21,23,0,10,10,10,23,23,23,21,23,0,11,2,2,2,2,2,4,4,2,2,2,4,4,4,4,2,9,8,8,8,4,3,3,3,1,1,1,1,3,3,3,1,1,1,2,2,2,2,2,12,12,12,12,20,20,21,0,21,19,16,0,15,0,11,0,0,0,10,0,0,11,14,10,0,0,0,0,16,12,12,12,0,12,12,12,20,23,0,22,2,23,0,0,0,0,0,4,2,2,3,3,3,3,3,3,3,3,3,3,3,3,3,0,1,3,3,3,3,3,3,3,3,3,3,3,2,4,4,4,5,16,15,15,1,1,0,11,9,10,4,3,4,6,1,1,6,6,1,1,1,15,1,1,1,0,3,3,2,2,4,4,4,4,4,4,4,4,4,4,3,5,2,3,3,3,3,3,3,3,4,9,21,21,4,4,11,11,11,11,11,11,15,11,11,16,1,1,1,1,1,1,1,3,3,3,2,3,2,2,2,11,11,11,18,1,1,1,9,14,13,5,5,13,14,13,13,14,14,14,13,10,7,7,13,13,13,13,14,13,13,13,13,14,14,14,7,7,7,8,5,8,10,15,15,9,15,15,17,17,16,17,17,17,17,9,14,12,12,5,7,9,9,8,8,9,8,5,5,9,13,13,14,12,11,12,12,4,16,17,17,20,17,15,9,9,10,9,9,9,15,13,9,14,4,3,13,1,9,14,8,1,19,19,15,0,8,13,3,17,2,2,11,8,8,1,1,2,1,1,1,1,2,2,2,3,3,3,9,13,2,2,14,13,10,2,2,14,13,13,13,13,2,2,1,1,1,18,2,20,19,18,18,18,3,3,9,9,2,13,2,13,2,2,1,2,2,2,2,2,2,3,3,15,15,12,13,13,13,14,12,10,0,9,3,3,3,9,0,13,15,2,13,12,13,13,13,12,7,13,12,7,12,13,13,12,2,13,13,13,15,15,19,9,15,15,9,5,7,4,2,4,11,11,11,11,11,2,11,1,1,1,1,7,7,7,13,7,9,13,0,18,19,19,16,15,15,15,5,5,5,15,18,13,12",Control
9002.0,"19,0,9,9,0,0,0,0,0,0,0,0,0,0,9,8,0,0,9,9,7,7,7,19,19,9,8,8,8,9,9,9,9,9,9,15,9,9,19,9,0,17,17,17,17,17,15,15,13,13,13,13,13,31,9,9,9,33,0,0,0,8,0,0,0,0,0,0,0,0,0,0,0,0,0,8,0,9,8,8,8,9,9,9,8,8,8,9,9,9,9,9,9,8,8,8,15,15,15,15,7,7,11,11,7,7,11,7,5,17,12,19,18,18,17,17,18,0,9,8,8,8,8,9,9,9,9,9,9,13,13,13,0,13,13,28,28,28,8,2,0,4,2,4,2,2,2,4,4,4,4,3,3,3,3,1,1,1,1,2,2,2,12,12,12,12,15,20,15,15,19,24,24,28,30,29,26,24,2,2,25,26,29,26,29,4,4,10,2,2,22,22,33,2,4,4,4,4,2,5,2,1,1,1,1,3,8,8,24,26,26,29,30,25,25,24,24,25,8,0,4,0,2,33,33,0,12,12,12,20,15,0,15,15,14,15,0,15,19,15,11,11,12,11,10,12,11,10,0,21,20,20,12,12,2,4,4,4,4,4,4,5,2,3,3,3,3,3,3,3,3,3,1,3,3,3,3,3,3,3,1,1,14,15,14,12,16,15,17,9,9,10,4,4,4,4,4,4,4,5,4,4,4,4,4,3,3,3,3,3,3,3,3,3,3,3,3,3,3,3,3,3,3,3,3,3,3,3,3,3,3,3,3,3,3,3,3,4,4,5,4,11,16,0,16,16,16,16,15,14,13,11,12,12,11,19,11,11,11,19,11,19,19,10,19,10,10,10,9,9,10,10,10,21,21,10,10,10,10,10,9,9,10,4,4,4,4,4,11,5,5,11,15,15,13,9,10,9,8,8,8,8,8,5,7,7,9,7,5,5,12,12,12,12,12,14,14,13,13,16,16,16,17,20,4,20,9,9,10,10,10,7,7,5,2,7,10,10,15,7,7,7,15,15,15,13,13,14,14,13,13,11,14,13,13,13,14,14,12,12,12,12,12,12,12,11,11,11,11,8,5,8,8,8,5,5,0,6,16,16,17,17,9,16,20,19,21,21,20,9,0,0,4,4,9,15,9,15,10,10,10,13,13,3,3,3,17,3,13,2,5,1,1,10,8,8,8,11,13,13,13,2,18,2,19,19,19,19,3,6,3,6,3,6,6,3,3,6,6,3,3,3,3,3,0,8,9,9,3,15,0,9,9,8,8,8,8,15,8,15,13,13,12,13,12,2,13,12,13,14,12,2,14,10,14,12,18,18,2,19,19,19,18,3,3,6,3,3,3,3,3,3,1,5,5,1,3,3,3,3,3,3,3,3,19,19,19,19,19,9,9,3,3,3,3,3,3,13,13,5,5,7,7,8,8,7,2,7,10,10,7,4,4,4,4,5,5,18,0,19,19,16,16,19,15,13,13,5,13,0,15,13,7,7,6,13,12,12,5,5,8,6,5,13,14,13,6,5,9,15,15,9,15,15,15,15,15,13,13,13,13,2,7,16,7,11,11,11,11,11,11,11,3,1,2,2,1,2,2,0,13,13,15,19,15",Control
9003.0,"0,9,19,9,8,0,0,0,0,0,0,9,9,0,0,0,0,0,0,0,9,9,9,9,31,0,9,9,7,17,12,0,21,13,13,15,15,0,19,9,8,8,8,8,8,8,8,8,9,9,9,9,9,9,19,9,9,0,9,9,9,11,7,7,7,2,7,7,5,5,17,17,21,17,0,0,9,9,9,9,9,9,9,9,9,9,8,8,0,0,0,0,0,8,8,8,8,8,8,8,8,8,8,8,8,9,9,9,9,9,9,9,9,9,9,0,0,0,0,0,0,0,9,0,0,0,0,0,9,9,9,0,9,9,9,9,9,17,17,12,13,11,7,19,9,9,19,0,17,17,8,8,8,8,8,8,8,9,9,8,9,9,8,8,8,8,8,8,8,9,7,7,12,5,5,12,13,13,0,2,2,0,2,2,9,9,9,9,8,8,8,8,8,9,9,9,9,9,9,8,8,8,8,30,17,17,17,28,17,17,17,15,15,15,9,9,9,9,9,2,2,10,12,15,0,19,0,13,13,19,19,23,22,33,22,23,0,19,0,14,5,2,6,2,2,4,4,2,2,2,4,4,2,2,2,2,12,2,12,12,2,2,10,14,12,12,12,12,0,15,12,12,12,12,0,0,20,19,0,0,0,15,15,15,15,19,19,2,2,2,2,2,4,4,4,8,26,32,29,25,25,25,25,8,0,3,1,1,1,2,2,6,2,2,4,2,2,2,12,12,12,12,22,22,22,21,20,20,21,21,24,19,18,0,15,15,15,15,0,10,10,10,10,0,19,19,16,15,15,15,2,2,0,23,24,23,23,24,23,23,23,23,2,12,12,4,2,3,3,3,3,3,3,4,4,4,4,4,8,16,14,15,14,4,8,4,0,4,4,1,1,11,12,11,11,11,14,11,14,0,14,14,15,19,19,19,21,9,9,4,3,3,3,3,3,2,3,3,3,3,2,2,2,3,2,2,3,3,3,3,3,3,2,3,3,3,3,3,2,3,3,3,2,7,14,0,11,16,11,11,15,19,19,19,19,17,15,4,4,4,4,4,4,9,9,9,9,21,10,10,21,3,2,2,1,1,1,1,1,16,15,17,17,17,3,3,3,3,3,2,2,2,4,8,4,3,4,4,11,11,14,19,19,3,15,13,9,10,11,11,12,9,16,15,15,7,7,5,5,5,5,5,7,7,15,15,13,14,14,13,10,10,11,12,12,6,8,8,16,17,17,17,17,17,17,5,5,5,5,5,5,12,12,12,12,12,13,14,14,14,16,15,10,15,3,3,3,3,20,19,21,21,9,0,5,5,7,8,9,9,9,17,17,16,14,13,12,3,2,9,17,8,15,9,8,15,8,1,1,5,2,2,11,14,13,11,7,8,13,14,16,8,9,3,9,9,6,6,3,3,3,0,6,6,6,6,6,3,3,3,3,0,3,3,3,19,19,19,19,8,8,8,9,8,15,15,14,11,14,14,17,3,6,6,6,3,18,20,20,18,14,15,8,8,9,9,9,2,9,0,11,14,14,15,13,8,9,9,8,9,9,9,9,9,9,9,9,9,9,8,8,0,13,14,14,2,13,2,8,11,14,15,3,3,9,15,15,14,13,13,1,1,1,2,1,19,19,19,19,19,19,3,3,3,3,3,3,3,3,3,3,3,6,3,3,3,3,3,3,3,3,6,6,6,3,3,3,6,3,17,3,3,17,3,9,15,9,8,8,11,13,1,1,2,13,18,20,20,18,18,9,18,18,19,19,19,9,9,0,9,8,5,15,7,7,13,7,7,7,5,5,5,12,13,11,11,13,13,13,7,7,4,4,6,7,16,7,12,13,13,13,5,5,5,5,7,12,13,13,13,13,13,13,4,4,4,4,2,4,16,0,19,19,15,15,7,18,0,0,5,6,5,13,11,11,11,11,11,13,12,12,2,3,2,2,12,12,12,11,11,12,12,13,5,15,15,15,12,0,0,13,5,5,5,5,15,9,15,15,15,19,19,18,18,18,18,18,18,4,2,2,2,2,2,2,7,7,7,11,11,11,11,11,11,1,1,1",Control
9004.0,"0,9,0,0,0,0,0,0,0,8,9,11,7,9,9,18,23,0,17,17,15,13,13,13,31,31,9,0,0,0,9,9,0,0,0,0,0,0,8,8,0,0,0,0,0,8,0,0,0,8,8,0,8,8,7,7,19,19,0,17,17,17,17,17,17,17,17,19,0,9,8,8,9,8,8,12,18,23,0,18,19,19,18,19,0,23,0,19,18,18,18,0,23,23,0,18,18,0,0,23,0,19,23,9,9,9,9,9,9,19,9,19,9,0,9,9,9,9,9,9,9,9,31,9,9,9,9,9,9,9,9,0,9,29,0,13,29,12,27,13,6,7,2,2,2,2,0,2,2,2,2,2,2,2,0,5,7,7,7,5,5,7,7,9,18,17,17,17,15,15,13,15,15,12,0,9,0,0,9,9,9,9,9,9,9,0,0,23,8,8,0,15,4,4,4,4,2,2,4,3,8,3,4,2,2,2,2,2,2,3,3,3,3,2,2,1,1,3,3,0,2,4,4,4,4,4,4,4,4,4,4,4,4,4,8,2,8,0,0,9,2,0,0,10,0,0,0,2,0,2,2,10,10,0,0,10,0,0,10,0,0,15,24,24,0,18,0,21,0,0,0,23,23,33,33,23,23,24,23,23,0,0,2,0,28,2,2,2,24,28,25,28,28,0,30,30,26,29,26,29,29,25,25,24,24,24,8,8,0,8,24,24,24,8,9,8,8,8,26,26,26,26,29,26,29,29,26,26,30,30,32,26,26,26,26,30,32,30,26,26,0,0,23,23,24,24,24,12,2,2,2,5,2,2,2,4,4,2,2,4,4,2,2,2,2,4,4,4,2,2,3,3,3,8,8,3,3,3,3,3,23,23,2,33,24,24,24,0,4,9,3,3,3,3,3,3,3,3,6,21,21,19,19,10,9,11,11,13,4,4,4,4,4,11,19,19,19,13,3,3,1,1,4,4,5,3,3,3,3,3,3,3,3,3,3,3,3,3,2,3,3,3,3,11,14,1,1,1,12,1,1,14,14,14,14,14,14,16,15,11,17,1,15,1,15,17,17,17,19,18,19,19,19,19,19,19,13,13,19,11,14,14,14,10,10,10,4,9,10,10,10,10,10,21,21,21,21,21,3,21,21,6,3,4,8,4,4,1,1,1,1,1,11,9,9,9,4,4,4,2,3,3,1,1,1,1,1,1,1,17,14,12,11,11,11,11,11,11,11,11,11,11,11,16,2,4,3,5,2,11,11,7,3,9,14,14,5,5,5,8,9,10,10,10,13,9,8,7,9,9,7,7,15,15,15,13,12,11,12,12,13,13,13,13,14,14,14,14,16,16,16,16,17,11,11,11,11,12,12,12,12,12,5,12,12,5,5,5,5,8,5,5,5,5,5,5,5,5,5,5,5,5,8,8,8,17,17,16,16,16,20,20,21,21,21,21,21,21,9,20,4,18,9,9,9,2,0,0,9,9,10,7,5,4,4,4,14,4,18,4,16,9,9,0,17,9,9,15,1,2,2,2,1,3,6,3,6,6,3,3,19,3,3,19,20,18,12,13,2,3,3,3,3,9,9,3,3,3,3,3,3,3,3,3,3,3,3,6,6,6,3,6,3,6,6,6,3,3,3,3,3,3,15,0,8,9,8,8,2,16,15,15,8,8,8,14,8,0,14,0,13,13,13,13,13,13,14,13,2,20,18,13,2,20,18,18,18,18,2,18,18,18,1,1,1,1,1,1,1,1,3,3,1,1,1,19,19,19,19,19,19,19,1,1,1,1,2,6,3,17,3,3,3,3,3,3,9,3,3,3,3,3,0,3,3,3,3,3,3,3,15,18,2,13,5,8,13,15,5,10,2,11,11,7,4,4,4,4,5,5,5,7,6,5,5,13,13,14,14,13,14,13,0,13,7,13,7,8,8,5,5,7,9,15,15,15,19,19,16,18,18,7,18,7,8,8,7,5,2,2,2,2,1,11,11,11,11,11,11,1,1,0,4,2,2,2,2,2,10,2,2,7,2,2,4,2,2,2,2,2,2,2,2",Control
9005.0,"0,0,0,23,19,23,0,0,17,17,0,9,9,8,9,9,9,9,0,0,18,9,9,9,9,0,9,0,0,15,9,9,8,8,7,0,7,0,7,7,0,7,7,7,7,6,17,17,0,9,9,18,0,8,9,9,9,8,9,8,9,9,23,9,19,12,12,31,0,12,0,9,9,9,19,19,9,0,0,9,9,9,9,9,9,9,9,0,0,0,0,0,0,0,0,2,2,2,0,0,0,0,0,0,0,0,0,0,0,0,0,0,0,0,0,0,0,2,2,2,2,2,2,2,2,2,2,2,7,7,2,2,2,2,2,2,2,2,2,0,12,2,2,2,15,13,21,17,17,13,17,15,12,29,29,13,29,29,12,30,0,0,9,9,0,9,0,8,0,0,0,0,0,9,9,9,0,0,9,0,0,0,0,0,0,9,9,8,8,9,8,8,8,9,0,0,9,9,8,0,2,4,4,6,4,4,0,8,4,2,8,8,8,8,2,4,6,6,2,2,4,4,4,2,2,2,2,2,2,10,15,2,2,2,3,1,3,3,2,2,1,1,0,2,2,1,1,1,1,1,1,2,2,4,4,2,2,2,0,2,12,12,12,12,12,12,12,12,15,15,15,12,0,12,20,20,19,16,0,20,20,21,0,18,10,10,10,10,11,11,20,20,20,15,11,15,14,14,15,15,15,15,23,23,23,33,22,24,28,32,24,23,23,23,23,23,23,33,22,22,22,22,0,0,22,22,0,0,12,24,24,28,28,28,25,26,26,25,25,9,30,32,30,0,26,30,32,32,32,32,32,32,28,28,28,24,24,28,28,28,28,28,17,24,23,23,22,2,22,22,23,23,21,21,23,23,23,2,22,0,0,19,15,0,0,11,12,19,4,2,3,3,3,3,3,3,3,3,3,0,3,11,19,16,3,0,11,3,2,2,2,3,2,3,2,2,3,2,2,2,4,5,2,2,2,2,2,3,3,3,3,3,3,3,3,3,3,3,3,3,2,11,2,5,5,5,12,12,14,11,16,16,17,19,12,11,16,16,0,15,17,14,14,14,7,2,2,2,1,2,2,3,6,3,3,3,2,2,7,6,7,5,21,10,4,4,4,4,4,4,4,4,4,4,4,4,4,4,4,4,4,4,4,4,4,4,4,4,4,4,9,9,0,9,9,9,9,9,10,4,9,10,9,10,10,10,21,21,21,19,10,10,21,21,21,19,11,11,11,17,19,1,1,1,16,19,11,11,11,19,19,19,17,1,1,1,1,3,4,15,16,5,7,8,11,11,12,12,5,12,12,12,5,5,8,7,7,10,10,15,15,10,15,15,13,13,13,14,14,14,13,13,13,13,13,13,13,14,14,16,16,16,17,17,17,9,17,17,9,17,17,17,17,17,17,17,9,9,9,9,9,9,9,9,9,9,9,9,0,0,0,0,9,17,17,18,20,20,20,20,4,12,12,0,4,12,9,5,5,5,9,4,6,5,11,3,8,14,13,2,2,2,19,9,3,19,19,19,19,19,3,6,6,6,6,6,6,6,6,9,6,3,8,2,2,2,14,13,12,1,4,5,18,2,2,13,2,5,5,1,1,11,7,8,11,12,14,9,9,13,13,18,2,2,20,2,19,18,19,19,3,3,3,3,3,3,3,3,3,3,6,3,3,3,2,15,13,7,5,5,0,2,2,5,2,2,1,1,1,2,7,7,16,16,16,16,15,15,7,15,15,5,16,16,19,15,15,9,7,5,5,5,5,5,5,5,5,0,7,7,13,7,7,13,13,14,13,0,13,13,12,17,18,19,0,19,18,11,11,11,11,11,11,11,11,11,11,11,11,11,11,11,11,11,11,11,11,3,1,4,2,2,2,2,2,2,2,2,2,2,2,13,2,2,7,7,7,15,16,7,7,2,2,2,2,4,7,2,7,2",Control
9008.0,"23,0,9,8,0,9,0,9,0,9,9,8,19,0,0,8,9,0,0,8,9,9,9,0,9,9,9,0,18,17,0,8,9,9,8,8,8,8,8,8,8,9,29,9,9,18,17,17,0,18,15,12,16,2,2,7,2,0,9,0,0,9,9,0,0,0,0,15,9,9,9,8,10,14,19,0,12,3,4,2,2,0,4,8,10,0,0,0,0,11,0,11,15,0,0,19,0,0,11,2,0,0,0,19,0,0,0,19,19,0,0,0,21,0,0,19,0,0,2,12,2,12,12,12,12,12,5,2,2,8,23,29,25,26,29,29,25,8,1,2,4,2,3,8,8,8,23,2,23,2,2,2,2,0,23,0,2,4,11,3,3,3,3,4,11,10,3,4,4,4,4,4,4,16,1,13,0,12,19,21,19,6,2,3,3,3,3,2,2,1,18,13,1,3,3,3,3,3,4,4,9,4,4,11,11,6,12,1,14,19,11,4,9,4,4,4,3,3,3,3,3,3,3,3,3,3,3,1,1,11,19,11,15,11,11,11,12,15,19,19,19,19,14,10,9,21,10,10,10,2,4,4,4,4,4,4,4,2,3,5,5,1,1,1,9,4,11,12,11,3,3,15,9,13,5,5,8,7,5,5,6,5,11,12,12,12,16,16,17,13,13,14,14,0,7,7,15,11,8,2,9,16,16,16,16,17,17,16,9,16,5,5,5,8,5,6,4,5,5,12,12,4,12,12,4,14,14,13,12,13,9,15,7,7,10,0,7,8,5,5,2,9,9,4,17,16,4,4,20,9,0,17,9,16,9,9,9,7,7,2,4,5,5,5,6,4,5,8,12,9,14,16,12,13,13,14,13,3,9,9,13,14,9,16,8,1,3,9,3,3,3,3,3,3,3,3,9,3,11,8,8,8,2,16,13,19,19,19,19,19,19,1,4,2,2,18,18,3,3,15,16,13,3,1,3,19,1,4,2,2,7,2,0,10,3,0,3,3,3,3,3,3,3,6,3,1,1,19,19,19,19,15,16,8,8,13,11,13,14,13,12,15,8,13,0,20,20,18,2,18,18,18,11,8,10,9,2,3,3,2,4,13,13,15,5,13,12,7,12,7,4,4,4,7,5,8,13,12,7,7,2,2,4,16,19,19,13,18,9,15,5,13,7,16,7,13,19,19,8,13,11,11,11,11,11,11,2,2,4,5,5,13,12,13,5,5,5,9,13,13,8,5,15,15,15,18,16,15,14,13,7,13,14,7,5",Control
